0,Sn(Ta2O6)_C1c1,monoclinic,17.11299,4.872,5.548,90.0,90.59,90.0
2,0,0,7.343565850241266,14.762457456373745
1,1,0,13.40903644425616,1.9060341589820746
4,0,0,14.687131700482531,0.9003761024046436
3,1,0,16.960488706315317,0.7357652290113756
1,1,-1,17.52763881883235,12.02890034195888
1,1,1,17.576432955852738,24.695288274354237
3,1,-1,20.33128546031831,81.98113862567176
3,1,1,20.457267342765828,84.74198006507416
6,0,0,22.0306975507238,37.625826220433325
5,1,0,22.43590904653449,0.6241687384701425
0,0,2,22.65147241519832,13.474402149297049
2,0,-2,23.740080374695975,7.469590459635415
2,0,2,23.883946653549852,10.246461536100012
5,1,-1,25.047158185473293,5.78051926546668
5,1,1,25.217543449131988,1.786172677093433
0,2,0,25.793043132921127,19.044639227663613
1,1,2,26.355347347891808,0.27216770340314955
2,2,0,26.81807288851232,0.4251901188345336
4,0,-2,26.869118865553055,8.715794597636913
4,0,2,27.122915251063986,1.6439189434319925
0,2,1,28.170079423048353,0.11234802553170785
3,1,-2,28.20653755903225,1.3341420636327908
3,-1,2,28.388131294574187,0.48137910288507535
7,1,0,28.7565257137462,1.1077643147545888
2,2,-1,29.082098638329636,0.6319704061722768
2,-2,1,29.140936961357802,0.27191507034448753
8,0,0,29.374263400965063,0.9246434529523369
7,1,-1,30.80933327193162,3.9669255264401424
7,1,1,31.00330832149991,3.530836466457036
6,0,-2,31.435069585083994,4.549299817812666
4,-2,-1,31.71497227670042,0.3168991544127958
5,1,-2,31.747359778099987,0.3882808009812816
6,0,2,31.760322329548913,7.387085579555769
4,-2,1,31.822805628424188,0.37374887613930136
6,2,0,33.920977412630634,23.892736584871688
0,2,2,34.3273983376722,10.180664107418195
2,2,-2,35.0552776376647,5.575183095372904
2,2,2,35.152865911705476,8.552651366049108
6,2,-1,35.68986397575476,0.12607271343245618
1,1,-3,36.49224102228133,17.283460981828107
1,-1,3,36.56258023570977,2.938941388994118
7,1,2,36.76978493163742,0.20526055148999434
8,0,-2,36.90844848839606,2.0022390746922496
9,1,-1,37.13389043646576,11.859867058253295
4,2,-2,37.24554500430821,8.478983106342339
8,0,2,37.2778692528281,2.230834036188844
9,1,1,37.34088476376492,17.93507859483941
4,-2,2,37.42904762043952,6.337719607379744
3,1,-3,37.87348617380619,0.825550295196342
3,1,3,38.07646006328341,1.698634131337534
1,3,0,38.86340703639928,0.36009138022187903
8,2,0,39.09128322792698,0.7656417037291053
1,3,-1,40.46949802847693,0.863758409087484
1,3,1,40.49065501526304,1.3952901503540431
5,1,-3,40.55828119977923,1.7389833457291441
8,2,-1,40.614643092086105,0.16920272492257388
6,2,-2,40.66257092063662,4.213735728579782
8,2,1,40.78298930439893,0.22321263839883665
5,1,3,40.87379682880682,8.047822696933943
6,2,2,40.914534685531656,6.177376063968952
3,3,-1,41.76030790813701,8.840437172215514
3,3,1,41.82178780548307,9.764442056446404
5,3,0,42.8244341802414,0.12197428491254321
10,0,-2,42.94367774906753,4.311119921458446
2,2,-3,43.226393795761176,0.2877761605386018
10,0,2,43.34070738207568,1.6335622650526906
11,1,-1,43.777763077018825,2.176964841415558
11,1,1,43.99243277879975,0.11971678011096627
12,0,0,44.0613951014476,4.324429701821712
5,3,-1,44.24841557933551,3.064865076077667
7,1,-3,44.310307058255646,8.008848370419225
5,-3,1,44.34508592530088,0.35391490950482635
7,1,3,44.714356109061875,1.8783823801833672
1,3,2,45.0018497613319,0.172313865836813
8,2,-2,45.027931818786826,1.9346654502415552
4,-2,3,45.22964575110042,0.11108636517779985
0,0,4,45.30294483039664,0.21001318323642826
8,2,2,45.33123217041067,2.265431252283429
2,0,4,45.96886186599991,4.200189023282075
3,3,-2,46.110420830681605,0.1205365250884905
7,-3,0,46.448895780619,0.2555858530174629
4,0,-4,47.48016074939195,3.7327127040584567
7,-3,-1,47.74701210310873,0.9504207949126267
4,0,4,47.767893307099705,0.2426314946617256
7,-3,1,47.87240619596475,0.7509076033005873
5,-3,-2,48.35759507040833,0.10432677302477854
12,0,-2,49.33499028280628,0.5764041340429277
9,1,3,49.35520171255589,0.8707209403804032
12,0,2,49.74987653773756,1.8785500272801385
10,2,-2,50.094316370946586,2.3436795721059998
10,2,2,50.435086898263975,1.1823625434398375
13,1,-1,50.61536505747441,1.0139476671817091
13,1,1,50.83485543844223,0.47838448408421946
12,2,0,51.05573045547973,5.371464860274417
0,4,0,51.586086265842255,2.463654996529774
1,3,-3,51.59695536503808,3.1034620928072956
1,3,3,51.646727114176116,0.9624228279001916
7,3,2,51.79362153810379,0.11309015856470801
9,-3,-1,52.052742166584295,3.448134252401203
2,-4,0,52.10616331705634,0.18160603478414514
9,3,1,52.200611328357354,3.322333350524523
3,3,-3,52.58291645649705,0.2739678145127986
2,2,4,52.710694695783616,4.40032189606052
3,3,3,52.729298867558214,0.3998019836254527
2,-4,-1,53.306769583043796,0.16200056765630996
2,4,1,53.33889227529963,0.3213261531669134
4,2,-4,54.033755550071014,4.304071850718862
11,1,-3,54.07244532486903,0.3914653747942413
8,0,4,54.24583050212797,2.5435644743820767
4,2,4,54.28676362664467,0.15600841325888712
5,3,-3,54.54847680727505,0.5092961521471003
11,-1,3,54.59261991075184,2.661212811689126
5,3,3,54.78347757596297,3.4880018956211614
4,4,1,54.85010647423262,0.13468649746925745
12,2,-2,55.67065959966093,1.0737539688833238
14,0,-2,55.96051279774946,0.47151536899116897
12,2,2,56.038658884531316,2.105167662378521
6,-4,0,56.09345711220147,3.9625754430109055
0,4,2,56.340158846096706,1.4114963706785835
14,0,2,56.38740491860937,0.2817294164766916
6,2,-4,56.4130751180645,0.2710914031868465
2,4,-2,56.78658039029947,0.8413595440691864
2,4,2,56.84687505902619,1.078504722583637
11,3,-1,56.98293330586846,0.7125400424460612
7,-3,-3,57.393078500027855,3.224721369763988
14,2,0,57.5130514274924,0.572296408919932
15,1,-1,57.57771911572107,2.128285596354372
7,3,3,57.70559583230606,0.8640672297753201
15,1,1,57.800405118745346,3.2227532627686064
10,0,-4,58.01980987097211,1.6714815755942372
1,1,-5,58.157781871784664,2.7526841193469407
4,4,-2,58.16419727665927,1.5827664282819505
1,-1,5,58.23136574636407,0.18247974269019873
4,-4,2,58.281873922715604,0.9591830275837456
10,0,4,58.60727986342358,0.13209490734920398
3,1,-5,59.00524677178299,0.5875864262133418
3,1,5,59.2225652933172,0.4206089302374908
8,4,0,59.363049505363136,0.14643703787428555
13,1,-3,59.71453958215257,3.1911956078860326
8,2,4,60.06572401063961,2.7077737886862687
13,1,3,60.271289020114864,0.7103026714178569
8,4,-1,60.37708551816432,0.12534548266037704
6,-4,-2,60.40933616624165,0.8210515081965492
6,4,2,60.57922391962249,1.42765540016777
5,1,-5,60.73521729396865,0.24990101064231382
9,3,-3,60.99385638095492,0.1030252849864001
5,1,5,61.0867288529127,2.8114751411941157
9,3,3,61.37180202829748,0.5538549127253621
14,2,-2,61.61866654386324,0.6442316598757816
14,2,2,62.00661664299982,0.6179428325598822
13,3,-1,62.38972133304381,0.6127317908863317
13,3,1,62.567920498932835,0.28928935979604287
16,0,-2,62.74609659383786,0.9377245603998409
16,0,2,63.18136252237643,0.38247166900362284
7,1,-5,63.27535074328572,2.233722847594952
8,-4,-2,63.42994455340084,0.7839110222008341
10,2,-4,63.494719556199975,2.9645791646375743
4,4,3,63.57329688587989,0.10228086815212813
8,-4,2,63.645611256848376,0.6122582742267471
10,2,4,64.03197894057614,0.30503573406161677
10,4,1,64.3906821382762,0.11337310344491465
17,1,-1,64.62451714349594,0.6811729591146625
11,3,-3,65.22569655836885,0.2920723030680254
1,5,-1,65.56603211193901,0.12248405039594534
1,5,1,65.57909300830536,0.5459433546156408
11,3,3,65.65756846573956,1.6888063081004792
6,-4,3,65.69887740737141,0.12342108421757621#
1,TaSnO3_,triclinic,4.072593,4.072593,4.072593,90.0,90.0,90.0
1,0,0,15.427972564848949,19.013192362571957
1,1,0,21.818448041129407,293.1704618681886
2,0,0,30.855945129697897,83.93432316356359
2,1,0,34.49799541000403,8.360362932951748
2,1,1,37.790660549537776,118.53315094636383
2,2,0,43.636896082258815,51.92110211386814
3,0,0,46.283917694546844,3.814258990552529
3,1,0,48.787532983512484,50.91454001269787
3,1,1,51.16879627350101,0.11305378274993988
2,2,2,53.44406468019421,17.436641958138072
3,2,0,55.62634615901456,1.675912364752399
3,1,2,57.726187510212775,63.22198087965342
4,0,0,61.711890259395794,9.352759283289451
4,1,0,63.611160474003626,2.551949762908431
3,3,0,65.45534412338822,40.354440821801575#
2,Sn(Ta2O7)_C12/c1,monoclinic,17.14,4.865,5.548,90.0,91.0,90.0
2,0,0,7.332721601525015,5.101665808025039
1,1,0,13.425402557981212,0.5353773973872731
4,0,0,14.66544320305003,0.42251036318889873
1,1,-1,17.523974192445078,8.353685528629182
1,1,1,17.606497399437878,28.6943548528418
3,1,-1,20.291086823763106,73.69895944972221
3,1,1,20.504278627308192,79.26175053287486
6,0,0,21.998164804575048,36.46534538346589
5,1,0,22.424412374835555,0.7199183805611299
0,0,2,22.653721746600354,15.890812489838769
2,0,-2,23.6888530051584,6.892385332723667
2,0,2,23.932364559644512,10.83075418681413
5,1,-1,24.97807738102449,6.1569813275485705
5,1,1,25.266573680400462,1.5496551233284046
0,2,0,25.830155425198708,20.258124378026935
1,-1,2,26.388096217711002,0.2640272565696738
4,0,-2,26.770693240903455,10.853495157170666
2,2,0,26.850805115962423,0.7042285022544551
4,0,2,27.20041635765906,1.5349375163875152
3,1,-2,28.147342990953703,1.5169757573071019
0,2,1,28.204515711726387,0.10583454402811528
3,1,2,28.454655023809025,0.21026189321898772
7,1,0,28.7309433689447,0.6797094762219977
2,2,-1,29.092343209847517,1.6859597214810347
2,2,1,29.191824057386754,0.1381334295890647
8,0,0,29.33088640610006,0.5051260817529831
7,1,-1,30.71836758335875,3.665439066856454
7,1,1,31.046926759968798,3.9503889080776187
6,0,-2,31.300413554265518,5.2307293109620145
5,1,-2,31.647274502465667,0.18570609652994405
4,2,-1,31.698135158350308,0.5196453604910778
6,0,2,31.851292576836308,8.348164223915083
4,2,1,31.880528371292254,0.7223937706338097
6,2,0,33.92810316034727,23.313064138303933
0,2,2,34.356775725645676,8.928185250173671
2,2,-2,35.047948384890155,5.073862009659219
2,2,2,35.212994798875755,7.808086380444813
1,1,-3,36.477017562615195,16.288439725390194
1,-1,3,36.59603869000212,2.837365350453881
8,0,-2,36.74641986518532,2.040260430701738
9,1,-1,37.02525457699361,10.595170807968236
4,-2,-2,37.200362174157334,7.299148955673997
8,0,2,37.37224424317319,2.406079293765859
9,1,1,37.375943989437516,16.294244455163415
4,-2,2,37.51079283779441,4.93578289840201
3,1,-3,37.80758105059732,0.6045262436747479
3,1,3,38.15107989962892,1.3409190161434446
1,-3,0,38.91831564217153,0.41145901593987866
8,2,0,39.08321668769688,0.7582873359317288
5,1,-3,40.44491527624427,1.8596991721565725
1,3,-1,40.51522590431066,0.9988844583549275
8,2,-1,40.548727318928755,0.3113137943843837
1,3,1,40.55098777164691,1.219374752478719
6,2,-2,40.58217364752621,3.611289136682519
8,2,1,40.833710590837725,0.38035299424317054
5,1,3,40.978986802830434,7.233008735449742
6,2,2,41.008557254616385,5.423865428521289
3,3,-1,41.786625408967126,8.616728929758555
3,3,1,41.890563383727994,9.034312431800357
10,0,-2,42.760033551435235,3.8589243468316528
5,3,0,42.86313251427761,0.19690214042818532
2,2,-3,43.20819937264784,0.41765143713062197
10,0,2,43.43273020313711,1.4435194136339298
11,1,-1,43.65384814843899,2.3292425251460567
12,0,0,43.996329609150095,4.123231435053565
7,1,-3,44.15548403854964,7.224202629703506
5,3,-1,44.252663289708245,2.445464536598939
5,3,1,44.41614125660794,0.2792551246752701
7,-1,3,44.83957441185381,1.7253405383561515
8,2,-2,44.916548199949744,1.750255545617257
1,3,2,45.063571547038066,0.37116006933908324
4,2,3,45.32490070472615,0.2859286593139184
8,2,2,45.4299633398632,1.9611848061488355
2,0,4,46.023141556077775,3.9174764501269608
10,2,1,46.413470615377044,0.17540269099929146
7,-3,0,46.474304356809384,0.13599190111832032
4,0,-4,47.3777060103168,3.4867750021931436
7,-3,-1,47.72852360555676,0.799577930473696
7,-3,1,47.940645801018476,0.5412441646075529
5,3,-2,48.3316029323905,0.27494166655672125
12,0,-2,49.13327973891212,0.7057939472022506
9,1,3,49.49176820095179,0.8543470006065338
12,0,2,49.836302814279364,1.6835912677320666
10,2,-2,49.95615476204898,2.4696484661908764
13,1,-1,50.477569791083425,0.9186332504768415
10,2,2,50.533147360800925,1.0124734170704592
13,1,1,50.84951407181595,0.4212440446086597
12,2,0,51.01836873486744,4.889144696271323
1,3,-3,51.623315167114,3.0189284175191067
0,4,0,51.660310850397416,1.8780705487495564
1,-3,3,51.70748404612215,0.8089512823325189
7,3,2,51.89745300758282,0.23652067259313608
9,-3,-1,52.01214603408545,3.265232689923799
2,4,0,52.17812303298348,0.1634427267356121
9,3,1,52.26236741366981,3.430623585730721
3,3,-3,52.57192257733523,0.25592059780681875
2,-2,4,52.776192435422004,4.132245252796557
3,3,3,52.819492198313625,0.4062428421023776
2,4,-1,53.366236716760596,0.27543623699682973
2,-4,1,53.420533315076426,0.1734771613810491
11,1,-3,53.85304824374857,0.3993078039685004
4,2,-4,53.96150439053688,3.9410398170589533
4,-2,4,54.38960583560829,0.1551053624003166
8,0,4,54.40083271531812,2.1949789489708613
5,3,-3,54.49940394428569,0.42633917570128027
11,1,3,54.73408826360638,2.3589560788855986
5,3,3,54.89691446672022,3.1294100051395346
4,4,1,54.935952500184584,0.26468496080389714
12,2,-2,55.50924343919771,0.7663414769438341
14,0,-2,55.742941245107076,0.42492851967096174
11,3,0,55.925839063780174,0.11464780563101662
12,2,2,56.132468389395385,2.0125155145008464
6,-4,0,56.148971245508434,3.2498863768026913
6,2,-4,56.294685981907406,0.2017087900375639
0,4,2,56.409031423452774,1.1866624384911417
14,0,2,56.46635915007752,0.3824837577731604
2,4,-2,56.83264443838322,0.8499046350074667
11,3,-1,56.92145743695268,0.5614027057035341
2,4,2,56.93457464999118,0.9638860862530013
7,3,-3,57.3070731171856,2.939021335433997
15,1,-1,57.426903608251145,1.9441523483102812
14,2,0,57.4618867378894,0.3385463356045006
10,0,-4,57.784106849961205,1.502492099990716
15,1,1,57.80428570370317,2.8096216358170674
7,3,3,57.835813230350794,0.6354830815241068
1,1,-5,58.141535643410556,2.462848886451874
4,4,-2,58.18468641969503,1.2769256773513713
1,1,5,58.26605841198321,0.12187506931076389
4,4,2,58.38364811477351,0.9699593951816236
3,1,-5,58.93623998229159,0.554411201085232
3,1,5,59.30401816853761,0.3643127487614864
8,-4,0,59.40613280232298,0.16537240386000135
13,1,-3,59.46998604869834,2.7071687084498888
11,3,-2,60.07495911768885,0.1556486692848644
8,2,4,60.221653326772326,2.6195689815779377
8,-4,-1,60.380378228813754,0.23771060885086326
6,4,-2,60.402844352130785,0.7019489655181187
13,1,3,60.413105603094984,0.6219349127248477
5,1,-5,60.61402652602361,0.21112734559750357
6,4,2,60.690135573871615,1.159177050010137
5,1,5,61.20896332377133,2.4468410517287187
14,2,-2,61.4367351667175,0.6129847585571083
9,-3,3,61.512835881924566,0.3759013874324156
14,2,2,62.093853519937596,0.42184492885967856
2,4,-3,62.19758259688436,0.16130746010835137
13,3,-1,62.308738637477994,0.48420189932807917
16,0,-2,62.51407386804726,0.7630076518410555
13,3,1,62.61043794703606,0.2134445951772742
7,1,-5,63.104497877058385,1.8516412044513366
16,0,2,63.25171906996268,0.26741195719901234
10,2,-4,63.29454900493133,2.513768982586566
8,4,-2,63.396270316700615,0.707200377846928
4,4,3,63.68624193468359,0.1647044782304321
8,4,2,63.76105674258451,0.5393808057169354
10,-2,4,64.20407386525342,0.1909469555757278
17,1,-1,64.46123700504035,0.6274090126900091
10,-4,1,64.46550273157136,0.1628447399780229
1,5,0,64.67938628020045,0.14720481216938502
11,3,-3,65.07337907104068,0.2632591282524772
1,5,-1,65.65265605622528,0.10211982181650711
1,5,1,65.67473126260926,0.41411525526589466
13,3,2,65.75564071858781,0.11552804125871084
11,3,3,65.80436365947244,1.4958615330914848
18,0,0,65.99449441372514,1.1289597789063517#
3,Sn2(Ta2O7)_Fd-3mS,cubic,10.48,10.48,10.48,90.0,90.0,90.0
1,1,1,10.384347505157734,9.362078570619344
3,1,1,19.88451159559983,8.71195502650716
2,2,2,20.76869501031547,218.50870913400064
4,0,0,23.981623309845745,74.93114844285182
4,2,2,29.37137015637856,0.5775316679099318
3,3,3,31.1530425154732,3.0885986256838445
4,4,0,33.915136932506606,101.74695015388136
5,3,1,35.46929920732223,1.9684147869571642
6,2,0,37.91827582364923,0.28455775372752307
3,3,-5,39.314505141820334,1.5361488541898118
6,2,2,39.76902319119966,97.79471746733701
4,4,4,41.53739002063094,24.54570732888594
7,1,1,42.815761616884565,1.8865613046154912
5,3,-5,46.05158597835208,2.648759809203372
8,0,0,47.96324661969149,14.891092670934754
8,2,2,50.87270539875991,0.42630490579978364
5,5,5,51.921737525788664,0.6099189432428505
2,-6,-6,52.266736254838506,39.424694769098025
8,4,0,53.62453993160859,33.740795152998885
9,1,1,54.620746571102075,0.5562308412919196
9,3,1,57.19252647219065,0.6856925008094191
8,4,4,58.74274031275712,29.74363444478385
9,3,3,59.653534786799476,0.39751515481321664
6,2,-8,61.14138261226752,0.15124332821827557
9,5,1,62.016960106470584,0.8714442703971295
6,6,6,62.3060850309464,35.228492450482825
9,5,3,64.29356475678753,0.38089314108993383#
4,Sn1.64(Ta1.88Sn0.12)O6.58_Fd-3mZ,cubic,10.5675,10.5675,10.5675,90.0,90.0,90.0
1,1,1,10.298364026879874,30.57314132871305
1,1,-3,19.719865769755025,14.30380785291602
2,2,2,20.596728053759747,154.57330251095988
4,0,0,23.78305297252741,53.944101261447635
3,3,1,25.916981119030403,1.5928563591839018
4,2,2,29.12817215413743,0.7318539402563012
5,1,1,30.895092080639618,8.406120708948306
4,4,0,33.63431606838602,54.960629688578436
5,3,1,35.17560971778916,6.178312305291593
6,0,0,35.67457945879112,0.11026364056296452
6,2,0,37.6043085528123,0.7586380792188747
5,3,3,38.98897694689161,3.5516041190187484
2,2,-6,39.43973153951005,51.46116864204622
4,4,4,41.193456107519495,14.435623409254196
5,1,5,42.46124265388694,7.055433802854233
1,-7,-3,45.6702740528157,7.02231434124513
8,0,0,47.56610594505482,6.3997253429889245
7,3,3,48.66816964306664,1.3417765245972126
8,2,2,50.451474102579034,0.2408327812498364
5,1,-7,51.49182013439936,2.282323710069938
6,6,2,51.833962238060806,15.76178176100848
4,0,-8,53.18052315904973,13.696415374285712
7,5,3,54.168481103870334,3.3329326342520096
6,6,4,55.776203239529025,0.26794965994175907
9,3,1,56.71896639967429,2.8170665378486506
8,4,4,58.25634430827486,9.073221179461187
5,5,-7,59.15959730926507,2.7850490072667586
7,7,3,61.50345322127389,4.65528481122372
10,2,2,61.790184161279235,10.612788569253844
9,5,3,63.7612073481082,1.7846558663254217
7,7,5,65.94170430642106,1.6800468948763263#
5,Ta2O5_Pccm,orthohombic,6.1886,3.66227,7.7838,90.0,90.0,90.0
0,0,2,16.14426194706849,98.61293238303048
0,1,0,17.156532170428683,0.3268994440535789
1,1,0,19.935564075164386,106.26168763931345
2,0,0,20.305675943443056,60.77680889896662
0,1,2,23.5580939367029,0.22213495945466327
1,1,2,25.652756358928535,67.24529468429512
2,0,2,25.941427665718123,40.00103256311995
2,1,0,26.583210333499533,0.751598615184013
3,0,0,30.458513915164588,0.33902076619406984
2,1,2,31.101515484790127,0.7817612282240212
0,0,4,32.28852389413698,20.9300293788527
0,2,0,34.313064340857366,16.987942318047402
3,0,2,34.47257263007562,0.3868584774453882
3,1,0,34.95808441598637,27.192539088823736
0,2,2,37.92128133746777,17.65762357064342
1,1,4,37.94700897642974,32.799087543725605
2,0,4,38.14274833808357,18.25987782483993
3,1,2,38.50590681766621,28.17600356695699
2,2,0,39.87112815032877,15.623047648418007
4,0,0,40.61135188688611,7.861295851831034
2,1,4,41.82362785432812,0.19794115291292938
2,2,2,43.015625693409405,17.45008729331396
4,0,2,43.702621155899244,8.951675519112595
3,0,4,44.387721784098474,0.1122521743858815
0,2,4,47.1161878734058,10.586026969354451
3,1,4,47.58798631269749,17.907922920781644
0,0,6,48.43278584120547,3.7046118971206905
3,2,2,48.63892112491452,0.1413198275240947
2,2,4,51.30551271785707,12.654779975793877
4,0,4,51.88285533143625,6.476584632745856
1,1,6,52.37519889542242,8.0443450646021
1,-3,0,52.461409473198664,5.3095746149258725
2,0,6,52.51718975592844,4.473940111683097
4,2,0,53.166420666999066,5.966799346456662
5,1,0,53.584975208688086,4.697381070803242
1,-3,2,54.88931296463987,7.010388193868447
4,2,2,55.563526529152824,8.08806731204021
5,1,2,55.96415604591282,6.257314700946016
0,2,6,59.35588537626147,3.9571698360299146
3,1,-6,59.73108412188164,6.868749044105516
3,3,0,59.80669222549316,4.339283824025039
6,0,0,60.917027830329175,2.3011852468923046
1,-3,-4,61.60152805878173,6.9526026435548465
3,3,2,61.94737790068622,6.4179055860981995
4,2,4,62.203030969580254,7.915614183397613
5,1,4,62.56115682576507,6.452689600445387
2,2,-6,62.73309815655538,5.8205723808630205
6,0,2,63.02000851711036,3.4844386921294124
4,0,6,63.20614405594255,3.065674850957645
0,0,8,64.57704778827396,2.1345284513959184#
6,Ta2O5_C12/c1,monoclinic,12.7853,4.8537,5.5276,90.0,104.264,90.0
2,0,0,10.141417211534748,11.060752553286488
1,1,-1,17.364917017953065,85.14319227909694
1,-1,1,18.97770982141433,46.075745251183065
4,0,0,20.282834423069495,48.4955237098094
3,1,-1,21.180743663332798,64.31773187757895
2,0,-2,23.148524714307573,0.3168916710022648
0,0,2,23.457026824414797,33.83807240948208
3,1,1,24.9892633586515,39.332311061624395
0,2,0,25.89029114770005,19.127796604320253
1,1,-2,26.17074435526581,0.1904260346555543
4,0,-2,26.966144914935985,13.183212382714151
2,0,2,27.754399733205336,1.3973858304446989
2,2,0,27.805674218962736,1.0953032945883794
5,1,-1,28.309082417839953,6.44609836794599
1,-1,2,28.321972285833084,1.7897249367249206
5,1,0,28.467155425915873,1.9094401898674056
2,2,-1,29.190759130348212,1.182283476242472
6,0,0,30.42425163460424,5.040257365590663
4,2,0,32.889216286593516,21.192883932861843
5,1,1,33.082771686590974,1.8030697480207551
6,0,-2,33.528919350533414,2.003978853484737
3,-1,2,33.541870167406344,0.2244735648639145
4,0,2,34.58436045059396,7.311526496070795
0,2,-2,34.936217356119,22.630363565056918
1,1,-3,36.65230457826106,13.664230222179832
7,1,-1,36.8765654401969,19.773525934206923
3,1,-3,37.05737087190904,8.907032557652368
4,2,-2,37.382885753858055,20.25626391191022
2,-2,2,37.95541964282866,2.0217169304360736
1,1,3,38.97731150264018,2.6097458382861616
6,2,0,39.949246090988936,3.6333382034878863
5,1,-3,40.10988315983525,3.2345229768832016
1,3,-1,40.52350792399083,5.627584230540318
8,0,0,40.56566884613899,3.7951127184169344
1,-3,1,41.240366408303856,3.6491177395817265
8,0,-2,41.55599331230871,4.155495026764335
7,1,1,42.073423533663075,10.928609033886856
3,-3,-1,42.29938833549681,7.258833027501421
6,2,-2,42.361487326665596,1.4905980355303068
6,0,2,42.74980651557962,3.096250036239035
4,2,2,43.20168010030726,7.802411175438965
3,1,3,43.597785255295975,8.470312660325531
3,3,1,44.32919618753981,9.767077472004953
7,1,-3,45.27751543945278,7.045465552295654
2,0,-4,45.489825947370186,0.19072214111089897
5,3,-1,46.281945710670016,1.1437107394830524
4,0,-4,46.297049428615146,3.7787323002621087
0,0,4,46.914053648829594,3.463960318189309
9,1,-2,47.67567204637666,0.14855850137369359
8,2,0,48.123597794089406,3.3858479246720647
8,2,-2,48.96128833972122,4.271632794417214
5,-3,1,49.346571652876314,0.2524585054476961
6,2,2,49.978526717303,1.81799664285626
10,0,-2,50.351856109259224,1.292131212534185
2,0,4,50.38084239991739,0.39137150724106706
10,0,0,50.707086057673735,1.0954677039983731
8,0,2,51.62083506278455,0.7734627632223673
0,4,0,51.7805822954001,2.294704363264561
1,3,-3,51.80739119395,2.2552732283278303
9,1,-3,51.93265608228565,0.17502703854499208
7,3,-1,51.96629128666462,3.310433660658715
3,3,-3,52.0947510538592,2.6961883950198726
2,4,0,52.7643539324525,0.16918728153209772
4,2,-4,53.04454695355885,4.139391025780463
1,3,3,53.47752016875126,1.0524378172337772
0,2,-4,53.58391181574873,3.649792140834008
8,0,-4,53.93228982987197,2.1982143696603766
5,3,-3,54.308535963704514,1.3277908362500759
4,0,4,55.50879946641067,1.347508332399099
4,4,0,55.61134843792547,3.4943692204522048
6,2,-4,55.619359657395684,0.2993163095934744
11,1,-1,55.62306176097951,3.5414465058858164
7,-3,1,55.77443248719206,3.624988223153238
10,2,-2,56.618164835679906,1.5216599851402972
2,-2,4,56.64394457166617,0.9076246349721766
0,4,-2,56.84593925947585,3.0450544704189833
3,3,3,56.933129464242995,3.158812610189997
10,2,0,56.934310851831746,2.5638280725416123
7,1,3,57.279394828362975,3.3997185266934684
8,2,2,57.749612884346526,1.5548545839417003
7,-3,-3,58.229440627531666,2.78011563101725
3,1,-5,58.29526382672303,1.2881097351227802
4,4,-2,58.381518260696424,3.0963354975619115
2,-4,2,58.74976942423903,0.390746468720926
1,1,-5,59.03987409909905,2.432446915885213
5,1,-5,59.301479928698626,1.1422992937052132
12,0,-2,59.5769664655668,0.5009403599126729
11,1,-3,59.57889573723955,2.642319317377088
8,2,-4,59.824736205068106,2.090651363760638
10,0,-4,59.99895387185838,0.42163774384415165
6,4,0,60.057171015428466,0.6823328089770998
12,0,0,60.84850326920848,0.35437710816046575
10,0,2,60.88983457159123,1.050014711928283
11,1,1,61.14465959464696,2.4445651506178065
4,-2,4,61.249767296822185,1.4270991172067726
1,1,5,61.47172007325415,0.31872509299626545
6,-4,-2,61.68806315378426,0.37996746116241603
6,0,4,61.88635585972,0.8102616578458768
7,1,-5,61.97330025871847,2.028220487786306
4,4,2,62.26802301845876,1.9771341250586818
9,3,-3,63.54223098999839,0.11645157569645788
12,2,-2,64.95938815099743,0.8431892060425528
13,1,-1,65.34134976675406,0.259981905292283
10,2,-4,65.34662685579161,0.8086811865673347
3,1,5,65.4028645397768,2.330357548445673
9,-1,3,65.41830934415097,0.12741836661293873
1,5,-1,65.75244023849191,1.0939544513006079
8,4,0,65.77843257318703,1.3052445865221605#
7,Ta2O5_P2mm,orthohombic,6.198,40.29,3.888,90.0,90.0,90.0
0,2,0,3.1189800482400525,0.30278525925857963
0,3,0,4.67847007236008,0.11594310378518041
1,0,0,10.137439992222628,0.15201007927549864
1,1,0,10.256690437526357,0.11354647344406002
1,3,0,11.16493492206218,0.4134177047233949
1,4,0,11.902933914005942,7.720851656219219
0,8,0,12.47592019296021,1.0351990867000274
0,0,1,16.16045603698453,99.24071421892047
1,10,0,18.600231265468253,2.695695646495802
0,12,0,18.71388028944032,0.20518741780850983
1,3,1,19.642202298550778,0.22510218232370852
1,11,0,19.925882539321318,101.17236153114405
1,4,1,20.070878782068874,2.518079466411386
2,0,0,20.274879984445256,38.66819740687878
2,1,0,20.334767456722705,8.081050890939725
0,8,1,20.415898804226625,0.2711996989624679
2,2,0,20.513380875052714,0.15365945710459442
1,12,0,21.28325644922359,1.1949610008736595
0,14,0,21.832860337680366,1.2338962471818915
2,6,0,22.32986984412436,0.3970338997619001
2,7,0,23.026923503039285,2.268180157733282
2,8,0,23.805867828011884,2.438426176072424
1,10,1,24.63998665690005,1.7822706226599239
2,9,0,24.65894357723743,0.17583965025446632
0,12,1,24.7258903744802,0.15736076685244144
1,11,1,25.65543089277863,66.7899098534801
2,0,1,25.927419804272244,25.326997319569443
2,1,1,25.974277792506545,6.4230268784459135
2,2,1,26.114347287425893,0.19047203580889818
1,12,1,26.723348300816035,1.0248142253118697
1,16,0,26.93254589229106,0.13869985618653238
0,14,1,27.163102360517776,0.6657742696673561
2,6,1,27.564169252470577,0.35592248431882983
2,7,1,28.131824422495832,1.2748865801779243
2,8,1,28.772898400544932,1.7905848244567129
2,9,1,29.482602287937354,0.13413988292347379
2,14,0,29.795042354531326,0.5221376125785426
1,18,0,29.84524500557494,1.3082777097533569
3,2,0,30.571837414596978,0.1921644850772795
3,3,0,30.770071312579063,1.5482027746446396
2,15,0,30.955981874798958,1.6319522344074675
3,4,0,31.04547233540682,3.5871718230172256
0,17,1,31.04852620389002,0.16825881313103322
1,-19,0,31.316497049478592,2.4427029493086887
3,5,0,31.396009853904673,0.8452497374352131
1,16,1,31.408953620960915,0.18619100176815329
0,0,2,32.32091207396906,21.4934520514092
3,9,0,33.49480476618654,0.3193020985311658
2,14,1,33.895499527689886,0.4611679859743025
1,-18,1,33.93963742832421,1.1765453061738342
3,10,0,34.17762601317155,4.552901909652496
0,22,0,34.308780530640576,13.938073666484211
1,4,2,34.44301370458793,0.8902390518500148
3,2,1,34.58030627724198,0.18524397905981535
0,8,-2,34.645200850252714,0.16447314254615703
3,3,-1,34.7556848285933,1.6013047360257633
3,11,0,34.91679125776233,14.76467971633693
2,15,1,34.92038306141832,1.552208271920464
3,4,1,34.99973845404877,3.285740533518599
1,-19,1,35.240365020432336,2.268352024238499
3,5,1,35.31104323111665,1.0294298418502663
3,12,0,35.70880174201782,2.6003359382783446
2,17,1,37.08209457160294,0.16226007770110032
3,9,1,37.189545381037696,0.4375997523919913
1,10,-2,37.29088307377745,0.8410408615539546
3,10,1,37.80569347624151,5.1215405813505
0,22,1,37.924303036746394,15.307285726176756
1,11,-2,37.96948975511877,32.000906300364
2,0,2,38.153795560558564,12.657904775612417
2,1,2,38.185653389882276,2.606532826548578
3,11,1,38.47522126072126,15.844784980830827
2,21,0,38.517356958443244,2.0119102124699433
1,12,-2,38.69907443824279,0.4790003092516656
0,14,2,39.00404014737314,0.4371076181127163
3,12,1,39.195393366747126,3.2941738347514553
2,6,2,39.284404597101556,0.15889477158517168
2,7,-2,39.68476487656267,1.0165536436129716
2,22,0,39.851765078642636,9.651842384437659
3,13,1,39.96347194072722,0.13004200387867385
2,8,2,40.14175756413775,1.0192766754771723
1,25,0,40.28366169028195,0.9792764078248435
3,17,0,40.34550590181722,0.3401526561919898
4,0,0,40.54975996889051,2.0599871046019147
2,20,1,40.559027994256965,0.10559165356456847
4,1,0,40.57973684820992,1.7901747249460211
4,2,0,40.66953491344541,0.13299045435945211
2,23,0,41.20198527951251,0.7002342949502858
3,18,0,41.38695647435449,0.9830200502902896
4,6,0,41.615326051906784,0.6748142016161265
2,21,1,41.7701702939723,2.3475868204508505
1,26,0,41.79480667593659,0.2437033783490698
4,7,0,41.99346950617202,0.8305615654051024
1,24,1,42.009109617667875,0.14758443280384037
4,8,0,42.42560097624721,1.8381566747135716
3,19,0,42.46015195706816,1.804528767677749
4,9,0,42.910089413753916,0.3489361966042262
2,22,1,43.00376168670168,11.492866995729315
1,25,1,43.404305529525516,0.9335070305071935
3,17,1,43.461709421016536,0.43302572647578036
3,20,0,43.56274624602062,0.16099484020398439
4,0,1,43.65138454686112,2.35512423668228
4,1,1,43.67923284575034,2.317332396976721
4,2,1,43.76267141525143,0.2346471402168347
2,14,2,43.95891156752582,0.2465759624673069
1,18,2,43.99295405784926,0.6041082720592035
2,23,1,44.25792505638369,0.9859812616473643
3,18,1,44.4301756189802,0.9896194472340293
3,2,2,44.4890840566289,0.10307120777755806
3,3,2,44.62553804576971,0.843635772000101
4,6,1,44.64298043063232,0.8910875861725301
2,15,2,44.753929113834474,0.9932506911728115
1,26,1,44.81033591039263,0.32401038449834624
3,4,2,44.81587564492911,1.956415040504246
4,7,1,44.99568668760495,0.8336936360228198
1,-19,-2,45.004048092846496,1.3826228196982626
3,5,2,45.05941402237404,0.4872976165998864
4,8,1,45.39925062728522,2.1631288471797916
3,19,1,45.431540184552716,2.132960248000617
4,9,1,45.852329415414275,0.44360570187827153
4,14,0,46.05384700607857,0.3407842102353735
3,20,1,46.46367613328173,0.19200642757503003
3,9,2,46.54614166199161,0.20694817354450476
0,30,0,46.784700723600785,0.38494380390013844
4,15,0,46.81330034278568,0.5618543079726278
3,10,2,47.03989240197579,2.985676915732397
0,22,2,47.13527106947515,9.149575916676055
3,11,-2,47.5796560415414,9.838548839813969
4,16,0,47.61173565602377,0.1931314285090797
1,28,1,47.65105655720396,0.165375621734336
3,12,2,48.163885631705156,1.8147200242371357
0,0,3,48.481368110953596,4.060553336497364
4,14,1,48.806937656265646,0.47170781120756783
0,30,1,49.497157101395246,0.47163235910807644
4,15,1,49.52419033469571,0.6980506969118561
2,29,0,49.561985847987245,0.1862463490602579
1,4,3,49.92116674989659,0.18257783360410157
4,16,1,50.279595379262894,0.32203407721547506
2,21,2,50.28148908253787,1.582621461017528
3,26,0,50.684784520072995,0.6744743489744243
5,2,0,50.78307076614398,0.28558979970348847
5,3,0,50.9026553542724,0.6525709774307088
1,32,0,50.9229323995949,0.17579429679570174
2,30,0,50.98900842515523,1.0423841095754214
5,4,0,51.06960334742327,0.2290155971381166
4,20,0,51.15746951977382,0.1588581106597021
5,5,0,51.28345218763178,0.3912914812888243
2,22,2,51.31086178555726,8.241140420930767
1,25,2,51.647020789880315,0.837095181554715
3,17,2,51.695272547562865,0.29256125767203456
4,0,2,51.85483960854449,1.792479619741889
4,1,2,51.8782844739801,1.6022938380943614
1,10,3,51.92698390084573,0.23485815373855423
4,2,2,51.94855558501309,0.12434694619290013
4,21,0,52.12292261774192,1.0623447762410714
2,-29,1,52.13013313352842,0.19132516110842032
2,23,2,52.36644868870148,0.619056260946471
1,11,-3,52.416446358758606,8.562368095890987
1,33,0,52.452127106249506,3.976167546210356
3,18,2,52.51210835134457,0.8441435434438777
2,0,3,52.55010763350963,3.3824061579629197
2,1,-3,52.57324244735887,0.7658671859048237
5,9,0,52.59453374505366,0.17372630273837297
4,6,2,52.69228330315313,0.6133846977174401
4,19,1,52.7579251933966,0.10228422850502683
1,26,2,52.83414826011822,0.21924511359137225
1,12,-3,52.94733287893929,0.15488031531533086
4,7,-2,52.991441181185465,0.7413967609615755
5,10,0,53.032001220309006,0.9516998993117164
4,22,0,53.11662126899919,1.3108295784845028
0,14,-3,53.17063893197489,0.10405354175719042
3,-26,1,53.198756763382555,0.9745878306265781
5,2,1,53.292406736443205,0.4184766765841558
4,8,-2,53.33453829826397,1.6826878821605964
3,19,2,53.36202639996497,1.6789355554904826
5,3,1,53.40637285417487,0.8329822667474611
1,32,1,53.42569965379042,0.222852184736041
2,-30,1,53.48868403226855,1.4190381876723406
5,11,0,53.51135716156696,0.6774002552261399
5,4,1,53.56551806326954,0.2708401586476402
4,20,1,53.64929661225669,0.25382487107379587
2,7,-3,53.6719876651183,0.26913527416551936
4,9,2,53.720732783438415,0.33310992700060593
5,5,1,53.76944120599009,0.6157065213518562
2,8,3,54.0107618623785,0.2932145535095225
5,12,0,54.03148670345256,0.4782156555285732
4,23,0,54.13701013284851,0.3103000979842927
3,20,2,54.243471660545694,0.1554268083244338
4,21,1,54.570682619318795,1.4731145104009837
1,33,1,54.8852072720279,5.888291990033811
5,9,1,55.021316952458506,0.2981532021602901
5,10,1,55.43963828123489,1.4034756463356775
4,22,1,55.520588923007715,1.8931587112998587
3,-28,1,55.61263082956216,0.10957031456685161
5,11,1,55.89835135848009,0.955201993111031
0,36,0,56.14164086832095,0.4304918508698013
4,14,2,56.263648844991664,0.35633455788022106
5,12,1,56.39647058733978,0.7761813938919234
4,23,1,56.49757698740232,0.517218801097067
0,30,2,56.86342918862819,0.4279795112282239
4,15,2,56.88696200604404,0.6262634149547627
1,18,-3,56.931377142596716,0.18517845458445084
5,13,1,56.93296165747859,0.10609790978748972
3,-31,0,57.114533924520885,0.1006452857500848
5,17,0,57.20177339915436,0.40065432776563065
3,3,3,57.42160170607391,0.30927426360795185
2,15,-3,57.521438331657436,0.36470918838845856
4,16,2,57.545796801089864,0.2267603326576836
3,4,3,57.569648309142025,0.6597839495770264
1,19,-3,57.71625456801394,0.47926072270434633
3,5,-3,57.75943636027162,0.2046410011578973
5,18,0,57.941032090779586,0.10657472278073908
0,36,1,58.42126478184835,0.5618187123485607
3,-32,0,58.440453120599855,0.9682672194426702
5,19,0,58.712413830057734,1.108506971602139
2,-29,2,59.169517477239296,0.23764034750917232
3,10,-3,59.31739351830969,1.2589757581077925
3,31,1,59.356805210005675,0.17351883775417726
0,22,3,59.39305915180199,3.7979698404615934
5,17,1,59.44075385904449,0.6103125092228933
5,20,0,59.51466957002971,0.35968938630128794
4,28,0,59.59008470906265,0.20979424477724679
2,36,0,59.69049001114988,0.3717084937003415
3,11,-3,59.74634185996608,4.052533793813649
3,-33,0,59.77764761796395,1.5191005597282587
3,-26,2,60.113132834177506,0.8351473401053301
5,18,1,60.152502350842056,0.12624273406744013
5,2,2,60.19602672712233,0.36878752149538074
3,12,3,60.21263634620663,0.860184689032101
5,3,2,60.29694585473692,0.8539933005857541
1,32,2,60.31406470689031,0.23258740385279172
2,30,2,60.369862824705756,1.3328035831345784
5,4,2,60.43794952971506,0.29539115429143364
4,20,2,60.5122140146915,0.2107554218604009
5,5,2,60.61875803391516,0.5134079963375009
3,-32,1,60.63371092275599,1.466115848535279
4,29,0,60.74210003240804,0.2283816932357991
6,0,0,60.82463995333576,0.17079682235352248
6,1,0,60.84462864204414,0.3955514428956891
5,19,1,60.89587734054962,1.6447668296740077
3,-34,0,61.12537743690892,0.24215277510056776
2,-37,0,61.15955579179974,0.19410801744790607
6,5,0,61.3224025445528,0.11161956598869452
4,21,2,61.33058306838727,1.4510771824622508
6,6,0,61.540142625158126,0.380990624385374
1,33,2,61.610607814429116,5.433916119446962
5,20,1,61.66973514904316,0.5913237103743316
5,9,-2,61.7318907628207,0.23582031283402738
4,28,1,61.742518048396526,0.32745775364474144
2,-36,1,61.83942866080259,0.5000459888411102
4,30,0,61.911963749597916,1.1901784285741952
2,21,-3,61.919543287833804,0.7638930977733949
3,33,1,61.92356170360989,2.4971717803496576
6,8,0,62.09094467081364,0.8789125550758892
5,10,2,62.10502806314555,1.317293749032144
4,22,2,62.177301423650874,1.8304603120351073
6,9,0,62.42298907786016,0.5497909101377938
5,11,-2,62.51485185590718,0.969354181538759
2,22,-3,62.75831605287947,4.257790890227382
4,29,1,62.855095701704045,0.29686212294555886
6,0,1,62.934864461411514,0.2763727251919687
6,1,1,62.95418313274796,0.6793271807462768
5,12,2,62.960645745406794,0.694783657291312
6,2,1,63.012103609684054,0.10873945681465175
1,25,3,63.03345503053818,0.371603683639222
4,23,2,63.05122697788982,0.46534398046114384
3,17,-3,63.07299660221762,0.15966951828494114
4,31,0,63.098683128783684,0.18240381293648833
4,0,3,63.203845511522665,0.9137657598083712
4,1,3,63.223081992099644,0.905178916428657
3,-34,1,63.225565289112936,0.4504204694892498
2,-37,1,63.258608931698575,0.3372022867389014
6,5,1,63.41606573384607,0.19960627888771382
2,23,-3,63.624261448624715,0.371878565486501
6,6,1,63.62664138274245,0.6337335874734384
3,18,3,63.744201462720525,0.3905598681527797
4,6,3,63.89271019698804,0.35758231441477795
4,30,1,63.98633912527608,1.9164917120752134
1,26,3,64.00975643594266,0.12814286031234445
6,13,0,64.11432265355128,0.2969257272979262
4,7,-3,64.13964869778745,0.3521461362089444
6,8,1,64.15953358182517,1.3217561995952674
4,8,3,64.42340158750962,0.9120654270315205
3,19,-3,64.44616015036975,0.9225283539819797
6,9,1,64.4809266740015,0.9541319010220481
6,14,0,64.62438097171675,0.4160591544451998
0,0,4,64.64182414793812,2.4664055844804054
1,41,0,64.7377405080332,0.6995728338946383
4,9,3,64.74348482593554,0.19676051126434302
0,36,2,64.78059274721684,0.6647675533815107
6,10,1,64.83824549067646,0.10413090849508062
5,26,0,64.90940159469095,0.188119036798084
4,31,1,65.13527578747141,0.3025876954129122
1,40,1,65.23145441768895,0.12145376517567669
3,-31,2,65.62553879937661,0.16312269645850225
5,17,2,65.70147819723269,0.6553015843954164
1,4,-4,65.72857266770784,0.13082265703119764
6,16,0,65.74367775001166,0.2292371105935141
5,25,1,65.95724591583819,0.16868116619782786#
8,Ta2O5_Ibam,orthohombic,10.45462,7.34852,6.95755,90.0,90.0,90.0
1,1,0,10.45116240158497,65.33522236018217
2,0,0,12.019920967341875,12.747827494695334
0,2,0,17.100546251978862,7.77714097246862
2,1,1,17.295664433175784,5.340729854822039
0,0,2,18.061488044439738,7.343110321939394
3,1,0,19.95454323372482,12.694359315578671
1,2,1,20.250991203548885,0.8744630714276878
1,1,-2,20.867298481685232,22.65993735217298
2,2,0,20.90232480316994,81.15864058459358
2,0,2,21.69552604664345,61.92936632089633
4,0,0,24.03984193468375,16.966177179508165
0,2,2,24.872596014399218,36.33089236603014
1,3,0,26.345477026928933,1.4975440296255818
3,2,1,26.439736096423204,0.4116076148380578
3,1,-2,26.914701299587787,4.7013692605450546
4,1,1,27.06613212796495,2.5472635202913834
2,2,2,27.624708732521558,5.167938595749012
4,2,0,29.501570845645624,1.539300659255128
4,0,2,30.068777005791553,2.433011734786626
2,1,3,30.847604590047197,2.3543625086069118
5,1,0,31.24256384983749,3.5849009021189238
3,3,0,31.35348720475491,5.675030833831174
1,3,2,31.942158821154834,6.051870699527785
1,2,-3,32.59658487457073,0.6756954082284679
0,4,0,34.201092503957724,7.40320623759125
4,2,2,34.59132886635157,35.866646073777815
5,2,1,35.734768015100975,0.8506879569741548
1,4,1,35.88019915042863,1.1133909086414489
6,0,0,36.059762902025625,0.13629140111459404
5,1,2,36.087603775959025,2.558634390740303
0,0,4,36.122976088879476,9.17610913877771
3,3,2,36.18367740125607,4.0050671418923125
2,4,0,36.25180310723066,1.0513108973353043
4,3,1,36.29645812748942,1.6591993845911979
4,1,-3,37.215725293581684,1.1317672707599638
1,1,4,37.60447043985677,3.430439807051857
2,0,4,38.07030209466301,0.6228370789235114
6,1,1,38.14404289891386,2.8993234753473716
0,4,2,38.677281171816006,0.5618134144823115
2,-3,-3,39.19734778242066,0.103642811143296
5,3,0,39.508925069448665,1.1923912444547355
3,-4,1,39.7032201615525,0.5142632302930188
6,2,0,39.90908646744964,7.209208394428519
0,2,4,39.966211774870864,0.5503176451030574
6,0,2,40.3301853569971,7.940392019365505
2,4,2,40.50198240709777,17.37640562749561
3,1,4,41.268065101048194,2.4796813114662895
2,2,-4,41.734596963370464,14.821718385628545
4,4,0,41.80464960633988,6.277803402938749
7,1,0,42.92981244168254,0.7010251891870423
1,5,0,43.17173714643312,1.0357594617356085
4,0,4,43.3910520932869,5.062201316214588
5,3,2,43.441598848600734,2.4639077871339854
6,2,2,43.8058504431293,0.42508993419592483
5,2,3,43.925030971553824,0.13173901046612355
1,4,3,44.0434262045234,0.7135697335322148
4,3,3,44.38319021160457,0.6929478468916375
1,3,4,44.709658478836516,0.9763740933180712
6,3,1,45.16442596675305,1.085192602030863
2,5,1,45.3179004465281,0.20665216541437245
4,4,2,45.539500206834646,0.195205086937146
6,1,3,45.906456075731434,0.8804547124365751
3,5,0,46.39780046902011,0.32060995832771755
5,4,1,46.41400318267418,0.19508319338991867
7,1,2,46.57452250595256,2.2025883054651794
4,2,4,46.63916898786262,0.37249623254187664
1,5,2,46.79760932590631,1.6972842558562
3,4,3,47.20996072817249,0.1538211611755315
5,1,4,47.75947233197756,1.4504948783054976
3,-3,-4,47.832108059508386,1.760702901515776
8,0,0,48.0796838693675,1.6517738545902616
7,3,0,49.27297596563636,0.5585003940643115
8,1,1,49.6620328732342,1.102814596866124
0,4,4,49.745192028798435,3.1404217682363127
3,5,2,49.78928839361377,1.176360049623934
4,-5,1,49.87131040051851,0.3683410419244649
2,4,4,51.176778230396415,0.2691767905796647
4,1,-5,51.864049308216316,0.17648523304072378
6,3,3,51.88699329952735,0.5026918739339427
5,-5,0,52.25581200792484,0.6300551309206263
1,6,1,52.43598098304982,0.25264554110214205
7,3,2,52.47898161063739,0.4033599413812774
2,6,0,52.690954053857865,2.2593286909817465
6,4,2,52.87947219284641,3.991118668620708
5,3,4,53.533396694596796,0.6571910342483732
6,2,-4,53.82940259917557,3.966211278687581
8,2,2,54.1322642559299,2.9790512880972155
0,6,2,54.38819255522337,2.2908427020211444
9,1,0,54.76127095646338,0.35594961124728636
7,4,1,54.96481321543954,0.10401886849990692
3,6,1,55.12249179579105,0.3789186921880075
1,1,6,55.183176321767306,0.6924360017758874
8,3,1,55.23744086518067,0.7333855024785635
4,4,4,55.249417465043116,3.6486774978008882
5,5,2,55.28912405697003,0.3585282841486038
2,0,6,55.50166351989912,1.9890082047052118
8,1,3,55.845789544611804,0.5285859069744326
4,5,3,56.03197570873033,0.18514844050914592
7,1,-4,56.1055986314717,0.4965751169121242
1,5,4,56.290925465464426,0.6793169038122503
6,-5,1,56.65280312015099,0.21465510171373614
0,2,6,56.81887745750548,1.775519705608695
4,3,-5,57.22531760398739,0.17757436293338014
9,1,2,57.66293564454241,0.5996967060260622
3,1,6,57.74201199370826,0.5224515020079715
1,6,3,58.326381701710595,0.18929670714272384
6,1,5,58.414656644979246,0.43447525599281317
3,-5,-4,58.80157557311505,0.3525395698396137
8,4,0,59.00314169129125,1.2376421409668692
4,6,2,59.46418661403378,2.4506353136193213
9,3,0,59.86362970117446,0.17162708750230166
7,5,0,59.979503907371985,0.17963393143160272
5,6,1,60.136537163538364,0.16019720138966786
8,0,4,60.137554011583106,1.1926225240055677
1,7,0,60.15289669614526,0.25063815894881963
1,3,-6,60.24981587682568,0.6269096540653097
3,-6,-3,60.75297361064666,0.21680384006822123
8,3,3,60.85728858643975,0.44927858398924525
7,3,4,61.09579005158977,0.6073873799608319
10,1,1,61.372827942441255,0.5949829322407071
4,2,6,61.695209180094395,2.7253881303985823
6,5,3,62.14478901830361,0.17818751365562735
10,2,0,62.48512769967498,0.8385259296720357
3,7,0,62.50862325359129,0.3435190636905602
9,3,2,62.528965379084724,0.6852864136371442
5,1,6,62.54641436026631,0.4043445753665651
3,3,6,62.6018954450557,0.40062316906728623
7,5,2,62.63990931789326,0.8809570015563676
6,6,0,62.70697440950982,1.0640383032226322
10,0,2,62.75491894591261,0.8155877461595542
1,7,2,62.80595776927984,0.47971498558758885
6,3,-5,63.22285563926194,0.23701894207036905
5,-5,4,63.52589464246324,0.6681047201646221
2,6,4,63.88431764230967,2.17715693906164
8,5,1,64.96837385835207,0.29298176088725464
3,7,2,65.06570011487506,0.3026696368024713
6,0,6,65.08657813993035,1.0190430015391334
2,4,-6,65.19316974914146,2.3296359301205096
9,1,-4,65.60233378687802,0.44102384639309145
10,3,1,65.96575910186007,0.4071746069311278#
9,SnO_P4/nmmS,tetragonal,3.7986,3.7986,4.8408,90.0,90.0,90.0
0,0,1,12.979642429308349,9.208574013478465
0,1,1,21.02543513548079,155.91188609613414
1,1,0,23.39221259494743,42.66184663416698
0,0,2,25.959284858616698,15.626488024041821
1,1,1,26.751948109996007,0.23562081550890424
1,0,2,30.781200032071766,1.369423712006209
0,2,0,33.08158430568939,24.888409617336364
1,1,-2,34.9439562794201,39.88441589594418
0,2,1,35.53677444235951,1.1164237771354022
0,0,3,38.93892728792505,0.12549663355153853
1,2,1,39.19770583606577,43.99760157513414
0,2,2,42.05087027096158,13.771164911006478
1,0,3,42.30647543081227,15.70462868342057
1,2,2,45.187094347710044,0.7002962118769218
1,1,3,45.42505551368684,1.358487965426327
2,2,0,46.78442518989486,6.653612392052063
2,2,1,48.55155566963401,0.24772023287232478
2,0,-3,51.0943370493125,0.25182633742010085
3,0,1,51.291825498661865,8.093825644041878
0,0,4,51.918569717233396,2.0109565081659757
1,-3,0,52.30657750642921,6.604139908463572
2,2,2,53.503896219992015,5.960254713271843
2,1,-3,53.70501916536625,13.063225155156212
1,0,-4,54.48977598161726,0.6921234295717819
0,3,2,56.002363483725254,0.1630360685074387
1,1,4,56.945004096675966,4.5308008083175375
1,3,2,58.394028126229585,11.761246019187102
2,2,-3,60.86889598705716,0.1753375418643355
2,-3,1,61.034765364991884,9.627529515177853
2,0,4,61.56240006414353,4.767784984547697
0,3,3,63.07630540644237,4.291878068145743
2,1,-4,63.74579912983496,0.9398365897675208
0,0,5,64.89821214654174,0.22294868861089454
3,2,2,65.043492648671,0.235878489175545
1,3,3,65.2090339505992,0.7585865014117046#
10,Sn_I41/amdS,tetragonal,5.8308,5.8308,3.181,90.0,90.0,90.0
2,0,0,21.551709224050168,127.09477744113079
1,0,1,22.500438881251824,113.12027219481047
2,2,0,30.47871947697308,47.11987637106707
2,1,-1,31.15679573266413,88.06489350797497
3,0,1,37.88432513329183,23.46107983547141
1,1,2,42.34195217696972,32.18887112932173
4,0,0,43.103418448100335,15.1416417772084
3,2,1,43.58552811751827,29.151278778420355
4,2,0,48.191086856285416,20.734861861385554
4,1,1,48.62277688245484,20.131237794367593
3,1,-2,52.17080845753503,32.16962232913812
4,3,1,57.385771518007864,18.64387607809314
1,0,-3,60.22852652758924,5.645218190731591
3,3,2,60.42140014985442,11.231490122832708
4,4,0,60.95743895394616,5.539611254220406
2,-5,1,61.299289907755146,10.990873185777483
2,1,-3,63.968363885302935,10.52797427618663
6,0,0,64.65512767215051,5.236379947653397#
11,SnO2_Pbcn,orthohombic,4.737,5.708,15.865,90.0,90.0,90.0
1,1,0,17.23671580455459,0.5619031787917961
1,1,1,17.6858472611284,21.295974007322105
1,1,2,18.969545545291954,44.087902869804935
1,1,3,20.934845742918927,57.9494118960775
0,2,0,22.01536547715342,0.41433982568662875
0,2,1,22.368753624411433,1.660292764460273
0,2,2,23.396914402556646,12.362027347400737
1,1,4,23.41071373535368,22.966580601070653
0,0,6,23.762440493588098,17.980449460378637
0,2,3,25.01678859577039,8.063693882135729
1,-2,1,26.00569997449486,0.14259598655580624
1,1,-5,26.253093382523637,7.75689113839851
2,0,0,26.528120359635153,10.791896876951409
1,-2,2,26.895183509587447,1.0280948342696172
0,2,4,27.122563724034908,11.416186840929733
1,0,-6,27.21376252312674,1.611984312570995
1,2,3,28.31563179763591,0.8810338202162568
1,1,-6,29.35571409348267,0.41694579841331747
0,2,5,29.6107557741636,1.781370075556874
1,-2,4,30.19219692930868,1.0187023635987278
0,2,6,32.39336190184578,0.4725252906053479
1,-2,-5,32.44583409269956,0.19576046185152549
1,1,7,32.64445789041457,4.327302713952967
2,2,0,34.47343160910918,0.44790476001063373
2,2,1,34.70017735581345,3.014545730345399
2,2,2,35.3716945222568,13.981505734725882
0,2,7,35.40102507449052,1.4581153746565056
1,-3,0,35.587315238891776,14.899049761266673
2,0,6,35.61453001271538,21.34240596869545
1,3,1,35.80700807843682,0.4996751631376716
1,1,8,36.0684481952546,6.671051636214682
2,2,3,36.46341840064857,8.089153763686678
1,3,3,37.51826755681941,1.8670600043196615
2,2,4,37.93909109058391,9.141154641605896
0,2,8,38.58114695780079,5.82147297508897
1,1,-9,39.59261197120545,8.763043847829719
2,2,5,39.7559810259092,1.1719999032599917
1,3,5,40.72563745770941,0.39064289562734117
3,1,1,41.47615619816452,1.9615838463020585
2,2,6,41.869691485837855,0.33526724344985215
0,2,9,41.894473001436566,2.9671024818236513
3,1,2,42.03957656572535,3.611984758675353
1,3,6,42.79147793806115,15.84068040794199
3,1,3,42.962193914072735,6.602998271521296
1,1,10,43.19243606726854,3.6441418206422393
0,4,0,44.03073095430684,0.5434668420457044
0,4,1,44.20848436655045,1.1230430483216574
3,1,4,44.22153160202907,3.6492554897739873
2,2,7,44.23769598588963,0.5592189157644213
0,4,2,44.737507248822865,1.2000722653829274
1,3,7,45.11112130222798,0.22060598143627408
0,2,10,45.31179182939841,3.0022274274706278
0,4,3,45.605577103281824,3.620128681502159
3,1,5,45.78981602695172,1.377761422289803
3,0,6,46.347289136428635,0.10409955711870962
0,4,4,46.79382880511329,0.6223068747109705
2,2,8,46.82142747070736,2.9608833593359885
1,1,11,46.8504833206839,1.265286585267273
1,4,3,47.49530456136907,0.12757007705010126
0,0,12,47.524880987176196,2.8897787548558203
0,4,5,48.27862683211981,0.5841057671996619
0,2,11,48.811266453016124,0.39695203359787906
1,0,12,49.34115528946484,0.12987234483138724
2,2,9,49.58717614346866,1.6849961879775779
3,1,7,49.730704505261414,0.8893884510083623
0,4,6,50.03357719154078,0.49213099996762977
1,3,9,50.367921903605655,0.6133001588217882
2,-4,0,51.40473167117832,0.42805220890476003
2,-4,1,51.557067990750056,0.8108001430630445
3,3,0,51.71014741366376,4.127287029083402
3,3,1,51.8615866240112,0.1640880702679919
2,-4,2,52.01139994898972,0.7009565518296107
0,4,7,52.03135139127777,0.4085788032738181
3,1,8,52.04243744142219,1.943904256131348
2,2,-10,52.506186765047275,2.2136540791561297
2,-4,3,52.759926390572915,3.3668240129085967
4,0,0,53.056240719270306,2.7375821710969275
3,3,3,53.05754178338519,0.512587350668048
2,-4,4,53.790367019174894,1.00745196752922
0,4,8,54.245127448069816,0.3152865987017322
1,1,-13,54.29400726596598,0.724394118366784
2,0,-12,54.42752504625348,4.1084862558067465
3,1,9,54.544085493598836,2.9532341853294413
2,-4,5,55.086903875697786,0.9237733974124643
2,2,-11,55.55430588678636,0.3334711758749672
0,2,-13,55.994742345709774,0.17889081235660095
1,3,-11,56.25229258943102,0.10727646148386509
1,5,0,56.61415259705663,0.27374192720066043
2,4,6,56.63126359527182,0.8836079547571181
0,4,9,56.64958798919913,1.177321818591004
1,5,1,56.75250739746919,0.11661595197953627
3,3,6,56.90863663587586,6.294882543876072
1,5,2,57.165562716995424,2.7917055221145755
3,1,10,57.210740888889546,1.4293200962751877
4,2,1,57.578866070553836,0.283541444740726
1,5,3,57.8474344187851,0.4367060404641743
4,2,2,57.98603523971715,1.8546722831817573
1,1,14,58.06315017853625,1.390966442122201
4,0,6,58.13448423674602,2.811834076513804
2,-4,7,58.403790094632654,0.8437056045310896
4,2,3,58.65837016919771,1.2970474620529544
3,3,7,58.672784191436705,0.12129859879028712
2,2,-12,58.71142818696534,0.10618070329030663
1,5,4,58.78876950706239,2.6909802023017453
0,4,10,59.2215115483272,0.29936599982340306
1,3,12,59.37231104443821,5.707811121197732
4,2,4,59.58689572570038,1.948369170522712
0,2,14,59.65652817605891,0.8590240760073727
1,5,5,59.97735251498967,0.10588295305772671
3,1,11,60.020414252254696,0.5513541788583582
2,-4,8,60.38439385861736,0.8786334766883409
4,2,5,60.75986781402935,0.3622618316699284
1,5,6,61.39882614915475,0.4848487318364704
1,1,-15,61.85619803663737,2.242618332668852
0,4,11,61.940041039906106,0.3007717582105835
2,2,13,61.96089363604848,0.35308124754198056
4,2,6,62.16345047184166,0.11544354695548552
2,-4,9,62.55331317493344,3.226993003723056
1,3,13,62.58747366032635,0.1017861779000742
3,3,9,62.80453722875678,0.43047684356012494
0,2,15,63.35425148254345,0.5271634159445974
4,2,7,63.78242121137973,0.39311241873425645
0,4,12,64.78672380369156,0.31830838110424975
1,5,8,64.87673587480798,2.345437312829158
2,-4,-10,64.89166818539913,0.7214972845960872
2,2,14,65.28891578082914,2.118042124006039
4,2,8,65.60083520688268,2.227452144517514
1,1,-16,65.66900871548246,1.209340036054684
3,1,-13,65.9948601379482,0.5623451203959288#
12,SnO2_P42/mnm,tetragonal,4.738,4.738,3.1865,90.0,90.0,90.0
1,1,0,18.754254698853376,109.9195131430786
1,0,1,23.76270353393139,87.6378108418991
2,0,0,26.522521347317788,24.793066491838154
1,1,-1,27.212627838859067,4.996355494140295
2,1,0,29.65308033364594,1.7335808424107115
2,1,1,35.61053520884576,75.8319120233112
2,2,0,37.50850939770675,18.136101695378873
0,0,2,39.43627997602125,8.996622310229085
3,1,0,41.935788373981,16.760357004142612
2,2,1,42.3756217868793,0.16983219084815734
1,1,2,43.6685498689457,17.669294615752662
3,0,1,44.40218864514869,22.295390976003365
3,1,1,46.34021354217202,0.23454151527817474
2,0,2,47.52540706786278,9.013261396602424
2,1,-2,49.34090951351418,0.3360598286884625
3,2,1,51.72038761550709,14.483096161131625
4,0,0,53.045042694635576,4.621229547788608
2,2,-2,54.425255677718134,9.966768798873566
4,1,0,54.67757848634523,0.24458815947181348
3,-3,0,56.26276409656013,4.858000784910935
3,1,-2,57.56587986728296,12.603243989418509
4,1,1,58.12437211460633,13.588585881080819
4,2,0,59.30616066729188,6.395684549712563
1,0,3,60.622656127357075,5.625590025023113
1,1,-3,62.05616384043181,0.1452188986543991
4,2,1,62.49820587570032,0.15793930666040812#
13,SnO2_Pnnm,orthohombic,4.7363,4.7363,3.1826,90.0,90.0,90.0
1,1,0,18.76098616286285,106.45744871142374
1,0,-1,23.785411978521736,84.38370915610984
2,0,0,26.53204107501461,23.285931246705424
1,1,-1,27.234777838079953,4.686532523125313
2,1,0,29.663723712774633,1.5117477846107619
2,1,1,35.632780225436626,67.98135230756243
2,2,0,37.5219723257257,16.21278974007264
0,0,2,39.48460571343924,7.821031265470236
3,1,0,41.950840385094274,14.612181664609777
2,2,1,42.39878452619798,0.1260811140244664
1,1,2,43.71508538421136,14.961426083201985
3,0,1,44.4257158659321,18.643536280784442
3,1,1,46.3641190049169,0.21075018005805263
2,0,-2,47.57082395704347,7.464802793738108
2,1,-2,49.38593517241105,0.24659805058022863
3,2,1,51.74546776102032,11.668700455004156
4,0,0,53.06408215002922,3.6982560331563388
2,2,-2,54.46955567615991,7.759576975791527
4,1,0,54.69720390775579,0.17590110951978571
3,-3,0,56.28295848858855,3.6557276215279892
3,1,2,57.609956581839356,9.620434519648692
4,1,1,58.15103298663796,10.18315304324246
4,2,0,59.327447425549266,4.706932605354961
1,0,3,60.694431372898805,4.160043921352395#
14,SnO_Cmc21,orthohombic,5.0045,5.7457,11.0485,91.0,92.0,93.0
0,0,2,11.373825057120126,7.19733018959735
1,1,0,16.649745357081073,1.2862988683726646
1,1,1,17.594175017975015,20.65646629414935
1,1,2,20.16377734665845,89.06966710584452
0,2,0,21.870913229648558,15.468339721383659
0,2,1,22.598181776556928,9.270528399488617
0,0,4,22.74765011424025,26.693852936323
1,1,3,23.83868258572783,4.913505866496133
0,2,2,24.65158700629211,2.285541810821727
2,0,0,25.1101421008276,24.42130328600113
2,0,2,27.565977812399986,1.1784070920317562
0,2,3,27.738161663424222,3.6595630811631317
1,1,-4,28.189884820189267,1.7817564715867191
0,2,4,31.556178970507677,9.172628598358028
1,1,-5,32.950544352756566,3.4467812112461376
2,2,0,33.29949071416215,8.51588004962503
2,2,1,33.78160824960921,5.5404052021008745
2,0,4,33.88177713821471,15.250166751572284
0,0,6,34.12147517136038,1.8957615621450519
1,3,0,35.12673784246518,5.28106444539395
2,2,2,35.18835003595003,1.6394061417991248
1,-3,1,35.58410720477288,7.509570942292798
0,2,5,35.87284764534524,2.8009387916744575
1,3,2,36.92223730874457,4.884107859741257
2,2,3,37.41556960397652,2.988349709938301
1,1,6,37.966947313754446,14.063240956094594
1,3,3,39.05069113883538,4.851756391748503
3,1,1,39.63071368535578,1.528387632222289
2,2,4,40.3275546933169,7.803923172385068
0,2,6,40.52914893466898,1.2553583061307223
3,1,2,40.83645907192647,10.84772579100718
1,-3,-4,41.8490537189692,4.795808307728426
2,0,6,42.365012736850645,1.6263603712549881
3,1,3,42.77056534663287,0.7834608161851726
1,1,-7,43.14999132934814,0.7510514202517796
2,2,5,43.787902832973245,2.6685337730461804
0,4,1,44.109957561788235,0.6427695489380832
1,-3,-5,45.19305327304862,2.980951326541591
0,4,2,45.196363553113855,3.0619002174423047
3,1,4,45.339917057963916,0.43887276424010724
0,2,-7,45.42075050861658,0.8623478922050116
0,0,8,45.4953002284805,1.6615576735847781
0,4,3,46.951210303491706,0.6322830646821916
2,2,6,47.67736517145566,1.3627814223877968
3,1,5,48.443542869927334,0.7752831248270246
1,1,8,48.44622135249787,1.4594536381206535
1,3,6,48.97104021075148,1.8810404592227343
0,4,4,49.30317401258422,0.23251044200725016
3,3,0,49.94923607124322,1.3730195211724934
4,0,0,50.2202842016552,2.070748866391388
3,3,1,50.27193211135095,2.0276200628003718
0,2,8,50.479294650167155,1.3072245544752186
2,4,1,50.756355192493025,0.7984479672203892
3,3,2,51.227825256697734,1.4326562146922561
4,0,2,51.492143495148774,0.10084794842688509
2,4,2,51.7032930745131,3.8025933264423495
2,2,-7,51.89955503749283,1.0886595995480348
2,0,8,51.96481097053402,2.0804875282374153
3,1,6,51.98584000449464,4.477596952723649
0,4,5,52.171560592746324,0.3635459519600493
3,3,3,52.78252505392505,1.5818424836172997
1,3,7,53.0904458704243,1.4505827996311815
2,4,3,53.24411127332731,0.8161005732793871
1,1,9,53.8222344683181,0.4057595404481178
4,2,0,54.77603299613651,1.412167484293848
3,3,4,54.885168942262354,1.7605385292368003
4,2,1,55.07045273920788,0.9982100928956679
4,0,4,55.13195562479997,2.584359065547912
2,4,4,55.32921655001917,0.32414110632175047
0,4,6,55.476323326848444,1.4148190828008755
0,2,-9,55.65928267778684,0.5345800908662826
3,1,-7,55.883452151511975,0.31031221324519187
4,2,2,55.944416050431784,0.3543104135859629
1,5,0,56.10022364882818,2.2739713612483277
2,2,-8,56.379769640378534,1.827087946947945
1,5,1,56.387729760614,0.17085907572366593
0,0,10,56.86912528560063,0.5263783889295073
4,2,3,57.3714437482732,0.7441945894396073
3,3,5,57.475651686502175,1.2692592817512098
1,3,-8,57.47790927245748,1.196659267350253
2,4,5,57.89983567339682,0.5409201597846075
1,5,3,58.6370519417201,0.22076287348984147
0,4,7,59.144358253872724,0.3361956198276007
1,1,-10,59.25631975751601,2.4612252350787704
4,2,4,59.311629353051245,2.060610931710975
3,1,8,60.06725260891105,0.7830810056073645
3,3,6,60.49133203997535,0.9559279574621278
1,5,4,60.53668870336761,3.500410871492625
4,0,6,60.715335897652594,0.4366990281556827
2,4,6,60.894512775690906,2.225366392721562
0,2,10,60.92974853261875,0.5482689788753163
2,2,-9,61.06123962490065,0.8395337840873057
4,2,5,61.7165953652757,0.8562225021841102
1,3,9,62.076618900840934,0.9420564308747473
2,0,10,62.16604094739423,0.848386645736369
0,4,8,63.112357941015354,0.3475126193666745
3,3,7,63.87201198778666,0.9144213708526852
5,1,1,63.97398230926119,0.3038368679457902
2,-4,-7,64.25398314179594,0.5768224659441563
3,1,-9,64.48155857150257,0.26418457587103167
4,2,6,64.53440058343764,0.5713310072319031
5,1,2,64.72784049254342,2.7576536236847162
1,1,11,64.73385426082974,0.2775758883837664
1,5,6,65.66209074738866,0.5217243262475592
2,2,-10,65.90108870551313,0.9817145364095413
5,1,3,65.96512870726177,0.2315226235492255#
