0,AlFe2O4_Fd-3mS,cubic,8.273,8.273,8.273,90.0,90.0,90.0
1,1,1,13.15459468802769,1.558228129015786
2,2,0,21.48136317252927,11.92745618105111
1,1,-3,25.18913109173048,31.57689648231431
2,2,2,26.30918937605538,0.5611809094332642
4,0,0,30.379235136852827,6.842107875936912
3,3,1,33.10500398590038,0.032417412770551164
2,2,-4,37.20681243065966,3.9872562026381004
3,3,3,39.463784064083065,11.92785974351862
4,4,0,42.96272634505854,15.72440294897392
5,3,1,44.93149470479112,0.18382058573699797
6,2,0,48.03378830313599,1.4443918500901185
3,3,-5,49.802491706306924,3.162387348830025
2,2,-6,50.37826218346096,0.8372303961014544
4,4,4,52.61837875211076,0.8707891890872262
7,1,1,54.23778336092715,0.1909143278499263
6,4,2,56.83434477717394,1.9143055039731005
7,3,1,58.336833198734425,5.19150517632083
8,0,0,60.758470273705655,2.201728588979652
7,3,3,62.16618913370081,0.03236659021434567
6,6,0,64.4440895175878,1.1240777266155433
7,5,1,65.77297344013844,3.836203012243693
6,6,2,66.21000797180076,0.5748780494129553
8,4,0,67.93003487045306,1.3200646732472323
5,3,-7,69.19200097487608,0.11519392985165758
6,6,4,71.24562162863809,0.5570586748121419
9,3,1,72.4498582652675,4.245183415189187
4,4,-8,74.41362486131932,8.935373864535563
9,3,3,75.56739327519142,0.09991267783908296
8,6,2,77.45215638541806,3.0547161701392507
3,-7,-7,78.56131293555082,9.901194801644817
6,6,6,78.92756812816613,1.588324712782986#
1,Fe3O4_F-43m,cubic,8.3941,8.3941,8.3941,90.0,90.0,90.0
1,1,1,12.964815984328645,30.81761076719372
2,0,0,14.970479997092212,15.335916568626637
2,2,0,21.17145584712294,12.273050996188362
3,1,1,24.82573254093783,14.978791604033143
2,2,2,25.92963196865729,7.367482442509831
4,0,0,29.940959994184425,10.319222674850328
3,3,1,32.62740472181101,5.5819295770037645
4,2,0,33.47501092929904,5.848817468020419
2,2,-4,36.67003719741811,4.393341191193675
1,1,-5,38.894447952985935,5.2403995569009965
4,4,0,42.34291169424588,20.321604251648683
3,1,-5,44.28327702704721,4.737518633659103
6,0,0,44.91143999127664,2.5988522537878604
6,2,0,47.340814456802285,1.6516082841427746
5,3,3,49.084001130112476,1.4394990047271925
6,2,2,49.65146508187566,3.241859631247614
4,4,4,51.85926393731458,1.4099907766751063
7,1,1,53.4553057200832,2.3612333474205234
6,4,0,53.97683324782396,1.1334019712173204
4,2,-6,56.0144070646716,1.9113547894035023
7,3,1,57.49521938660844,2.3873951182038784
8,0,0,59.88191998836885,2.831093938013143
3,3,-7,61.2693299702299,0.5312600372582066
8,2,0,61.72487029420755,1.4326361689970915
2,2,-8,63.51436754136881,1.0859696349865193
7,5,1,64.82407992164322,1.6525266878345097
6,6,2,65.25480944362202,1.740709811553698
8,4,0,66.95002185859808,2.154997625951224
9,1,1,68.19378183070846,2.06917809983437
4,2,-8,68.60335777649735,1.3322754501726928
6,6,4,70.21777531048272,0.6562345140951991
9,3,1,71.40463866627252,1.6711077179746396
4,4,-8,73.34007439483622,10.833232953037971
7,7,1,74.47719762281349,2.329193977141286
10,0,0,74.85239998546106,1.0129443182377127
10,2,0,76.33476963302365,2.792502363401226
7,7,3,77.42792460368734,3.5123479920771095
2,2,-10,77.78889590597187,3.7950792249180654#
2,Fe2O3_Pna21,orthohombic,5.095,8.789,9.437,90.0,90.0,90.0
0,0,2,13.316065078265522,1.6891315181498714
1,1,0,14.25436034600697,0.3014669459663789
0,2,0,14.297838905858658,0.6542551353500694
1,1,1,15.732647144265538,0.5764225849551159
1,2,0,18.881417767403754,1.4122085400193438
1,1,2,19.506521423421926,2.249947970834263
0,2,2,19.538315857475745,4.537870727586474
1,2,1,20.020922411302152,0.3108381707360978
0,1,3,21.21489158524802,5.725322808750171
1,2,2,23.104664595614295,13.033535492257652
1,1,-3,24.53877267719744,1.9271347158512593
2,0,0,24.66412289373734,1.4453697990571173
1,-3,0,24.739506535692797,2.7680497513775277
2,0,1,25.546983293718437,2.7412231726309897
1,3,1,25.619769337793375,5.480701903433459
2,1,0,25.679291412767796,0.6185640458218855
2,1,1,26.528388657323315,0.1479433565919865
0,0,4,26.632130156531044,1.1537846839490655
1,2,-3,27.485860229153932,1.3651168976194346
2,0,2,28.029208823760634,0.9687225051413234
1,-3,2,28.0955650022951,1.9119764647789637
2,2,0,28.50872069201394,0.05303930864883662
0,4,0,28.595677811717316,0.08818052609074821
2,1,2,28.92652064508368,6.789497875171382
2,2,1,29.275869804113665,0.10503343892748797
0,3,3,29.307473786213613,0.00011960827884175608
1,1,4,30.20690559372519,0.0831763633573883
0,2,4,30.22744703166802,0.1708687362453749
1,4,0,31.14149208115897,0.34875093182390027
2,2,2,31.465294288531076,0.5895433940049406
0,4,2,31.544102121952125,1.1399612354325523
2,0,3,31.73773044416904,1.8784397879721162
1,3,3,31.796348206341914,3.758439746627417
1,4,1,31.84528106851998,0.08286546499810925
2,1,3,32.53291537952302,0.8272282577080415
1,2,4,32.64626002441383,0.5894721935283077
1,4,2,33.86901413105332,4.1407580530529335
0,1,-5,34.049111319507844,0.6578532992940592
2,2,3,34.80964997130278,0.6441879045282936
2,3,2,35.29305868561442,0.00018620487058614813
1,1,-5,36.213557146151516,0.26377724982426004
2,0,4,36.29861312490863,1.426700469074334
1,-3,-4,36.349876757755275,2.801325017745105
0,5,1,36.35939535943819,0.10430373615102187
2,1,4,36.99589658511143,0.3841587468573951
1,-4,-3,36.99671748507213,0.525212728218479
3,1,0,37.680561369339664,0.07783574819650543
2,4,0,37.76283553480751,0.018744184054240217
1,5,0,37.81211410568218,0.021450978903416962
1,2,-5,38.27195930718724,0.2154588478967444
2,4,1,38.34528843184089,0.04563753054562005
1,5,1,38.39381943012807,0.04099431527937522
2,2,4,39.01304284684385,0.03641853453841758
0,4,4,39.07663171495149,0.06830725666569322
0,0,6,39.948195234796565,0.44304063299550167
3,1,2,39.9642627140446,1.0120384681163133
2,4,2,40.041844822604304,0.25417826358134643
1,5,2,40.08832201913335,0.2504583014854559
3,2,1,40.21784741174169,0.14621302054433474
0,5,3,40.94680462796994,0.7166875753569946
1,-4,-4,40.976369845501154,0.269072688820613
2,0,5,41.43131533539751,2.633984622081
1,3,5,41.47623555644066,5.283822187240341
3,2,2,41.83854015510806,0.00010090692878612853
2,1,5,42.043560027257634,0.1570739124032644
1,1,6,42.41515167238282,0.05589142727293261
0,2,6,42.42978317049604,0.11237663414427687
2,4,3,42.71997569355905,0.3087413349525803
3,3,0,42.76308103802091,6.027500536980665
1,5,-3,42.76354228511109,0.30875565248347125
0,6,0,42.89351671757597,2.9767992262975005
2,5,0,43.428046142201275,0.10518799647342363
2,2,5,43.829009660258464,0.13372689566153834
2,5,1,43.93545935825997,0.026475423700026444
1,2,6,44.185588594299084,0.4343718454746161
3,2,3,44.408449970375486,1.0657124747892774
3,3,2,44.788376717993984,0.1984121476616564
0,6,2,44.91293093942514,0.0981669916644746
2,5,2,45.42370285322153,1.3903835155895627
1,-4,-5,45.585386488924854,0.11421058819925603
3,1,4,46.14211808947421,0.0751345686661079
2,4,4,46.20932919122859,0.018564591067569792
1,5,-4,46.24960896932577,0.019336879922825845
1,6,2,46.575219860983125,0.00027162644298902905
2,0,-6,46.94866622849686,0.391188487528731
1,3,6,46.9883122291811,0.76890595472122
0,1,7,47.15132571476492,0.5888612608117773
3,4,1,47.23092040779847,0.08123732103657443
2,1,-6,47.489833753965414,0.331067861149123
2,5,3,47.801252780220295,0.20339341542157702
1,1,7,48.7373291860479,0.25934189377524713
0,5,5,48.84578964368935,0.1737888726767894
2,2,-6,49.07754535439488,0.03322738606129218
0,4,-6,49.12810898079596,0.0653776844094477
4,0,0,49.32824578747468,0.1565039890210239
2,-6,0,49.479013071385594,0.32929421876966425
4,0,1,49.7755485129161,0.3298167203260414
4,1,0,49.84358415898665,0.06464740104949367
2,-6,1,49.924965015616166,0.6434027478542965
1,2,7,50.28566798027656,0.2286801685938982
4,1,1,50.28630309643109,0.015529727125738087
2,4,5,50.34150057291386,0.07585584390853137
3,3,4,50.378085082094515,0.8410028682531195
1,5,5,50.37847660901325,0.08208242481805536
0,7,1,50.4834112869886,0.0319852541171456
0,6,4,50.488851572157785,0.41768457015262606
1,4,-6,50.65225396325724,0.26484564520084136
3,4,3,50.8467798479412,0.6531599571319329
2,5,4,50.94374886483692,0.11604561468166953
4,0,2,51.093966587436874,0.05155854447642159
2,6,2,51.23953867558675,0.1019794054974571
4,2,0,51.35858282553559,0.006417295025080568
3,5,0,51.44311313845505,0.029021201966780142
1,7,0,51.539549449024506,0.0054594136760919895
4,1,2,51.591670558168474,0.8941322321831336
3,2,5,51.78205080378483,0.28343171389164745
4,2,1,51.78835223425775,0.014131510338192363
1,7,1,51.967822300925725,0.015522414628934313
2,0,-7,52.730061875866966,0.24183647072379275
1,3,7,52.76536412216794,0.48617793955314975
4,2,2,53.05677731464663,0.08674032948087243
3,5,2,53.138606290949035,0.3583964524977623
2,1,-7,53.21246540780863,0.1929364834242396
4,0,3,53.21879750707328,0.24285543426064352
1,7,2,53.231971094231,0.08660731127326861
0,0,8,53.26426031306209,0.4961789812025007
2,-6,3,53.35857297705499,0.4741160008190109
4,1,3,53.69681049600005,0.13029372236087092
0,7,3,53.88144386993034,0.269101523039232
2,2,-7,54.63412507591427,0.17426419153567826
2,5,5,54.7195588801018,0.05924420486099845
3,1,6,54.915234749803226,0.08836686943550319
2,4,-6,54.971720458307864,0.022172566698807804
1,5,-6,55.00558404070038,0.021984630172696733
4,2,3,55.105976132147,0.12418313963310139
1,1,8,55.138627255051034,0.009998407383643349
0,2,8,55.14988326438712,0.019510942042428526
1,7,3,55.27467533181717,0.12245514458277319
2,-7,0,55.79036095954636,0.0440391946168086
1,4,7,56.05294815044314,0.16094163089191313
4,0,4,56.05841764752127,0.2668088335108727
2,7,1,56.186241850551156,0.01133555186988289
2,-6,4,56.1911300045902,0.5453618479059043
1,2,8,56.511851532265965,0.083562625143483
4,1,4,56.51241667535017,0.08477558642543409
4,4,0,57.01744138402788,0.004082195756926632
0,8,0,57.19135562343463,0.011102096817234505
2,7,2,57.35749266804711,0.6359766820174213
3,4,5,57.39917575696893,0.20683073790449008
4,4,1,57.40486058926723,0.010974769899137165
4,2,4,57.85304129016736,0.008587540167363216
3,5,4,57.92809548095204,0.03601487405510953
1,7,4,58.013752801235434,0.008186982356699348
1,-8,0,58.50581934795471,0.0374201025723465
3,3,6,58.519564270265775,0.46188382679417667
4,4,2,58.55173960822733,0.06383280502245002
0,6,6,58.614947572427226,0.22998376755606728
2,0,8,58.69753303857854,0.032989726186378854
0,8,2,58.72110989426861,0.1335936378691428
1,3,8,58.72924833783613,0.0632840938427309
0,5,7,58.73514025629943,0.2787074431540994
1,-8,1,58.88344669656884,0.009404675327113352
2,5,6,59.00723255878542,0.15911871711962697
2,1,8,59.13127289480154,0.07397540134793819
2,7,3,59.25815514868677,0.10356201778175578
4,0,5,59.51059371887731,0.7216199662757901
2,-6,5,59.63562414213599,1.4151185296393636
4,1,5,59.938450214513814,0.04470655788201346
2,4,-7,59.984766524045924,0.1316999700929392
1,8,2,60.00207068713642,0.5514918940702422
1,5,-7,60.01580158971893,0.1367169606296388
0,7,5,60.10391293570548,0.09282171012006774
0,1,9,60.347230508190464,0.26552344314112175
2,2,8,60.41381118745038,0.007892454664049272
4,4,3,60.41484252739893,0.09712606958998446
0,4,8,60.45489406333604,0.016514497997202025
4,5,0,60.91758421081139,0.03461708544998169
3,2,7,61.19874443530168,0.5123435829212487
4,2,5,61.204076352406176,0.04511786758594963
4,5,1,61.28035136463766,0.008488719486820432
1,7,5,61.35601103161945,0.04147581448085299
1,1,-9,61.59438261349827,0.1270322718118604
1,4,-8,61.699869981536644,0.06857364377244209
2,7,4,61.82098941840778,0.0683204783652459
1,8,3,61.82148067787497,0.08943267221916507
5,1,0,62.07334804550247,0.003788067125101485
3,-7,0,62.233134853092515,0.012086928239980123
2,8,0,62.28298416231794,0.004342614914692006
4,5,2,62.355991334032204,0.5195559829136573
5,1,1,62.42939960363416,0.008571203621159972
2,8,1,62.63784409967905,0.007627042349717519
1,2,9,62.82665929023628,0.12158362183218621
4,4,4,62.93058857706215,0.006884456201922374
0,8,4,63.08820424390425,0.015398496410368478
5,2,0,63.296300726120634,0.03199243242255654
4,0,6,63.47546088833808,0.1362374700581835
5,1,2,63.48557416253466,0.058367890623101215
2,6,6,63.59269641268383,0.2796141465175864
3,7,2,63.64181536389264,0.2213550019219876
5,2,1,63.645511097827246,0.008596771219197562
2,8,2,63.69056213703996,0.05764453506666312
2,5,7,63.703498012625204,0.12105637082564287
4,1,6,63.876765606372146,0.1414264987701634
4,5,3,64.10863156947474,0.08366279972677768
1,-8,4,64.28220013541791,0.0628087246700079
5,2,2,64.68183110256004,0.4888648763735443
2,0,9,64.79969242814028,0.15489326939602238
1,3,-9,64.82842250351143,0.31194632814959694
2,-7,5,64.96767895115417,0.04172993082629935
4,2,6,65.06583075904604,0.014857587367124397
3,5,-6,65.13257396950706,0.06054660012086208
2,1,-9,65.1928461422421,0.12010528998549197
5,1,3,65.20786082373382,0.08485416706615434
1,7,6,65.20876827487132,0.014978698535384489
3,1,-8,65.24497016480437,0.02840460107503545
5,3,0,65.28366512638408,0.16997270435487502
2,4,8,65.29252004882765,0.007232650934920847
1,5,-8,65.3210333647499,0.0068042801499316975
4,6,0,65.36917934983185,0.15554193878687395
2,8,3,65.40745134763242,0.08513248314037504
1,-9,0,65.51145500163712,0.16003875983688373
5,3,1,65.62230055115415,0.3295003977139165
4,6,1,65.70737406229709,0.33654668816273353
1,-9,1,65.84891900193712,0.3338053022083107
3,4,7,66.01947373761037,0.47343285251294365
4,4,5,66.0244163494447,0.03915835571802894
2,2,-9,66.35833283137443,0.11725630031410761
5,2,-3,66.37308386116209,0.0877729667764658
4,5,4,66.48475331048246,0.062337533661538796
0,0,10,66.5803253913276,0.09481107900395991
5,3,2,66.6278809621202,0.04445091923605211
4,6,2,66.71167212744022,0.04428868804419777
1,-9,2,66.85109068369884,0.044285479097694314
1,-8,5,67.31393488631666,0.03883733061780414
1,4,-9,67.53127949110018,0.11710087758554799
5,1,4,67.5453247401513,0.007139794486078805
3,7,4,67.69219622908987,0.02639167979993309
2,8,4,67.73802826210664,0.007489260371863028
4,0,7,67.86321757612805,0.1561037201473786
5,4,0,67.96842118031842,0.03118458158537956
2,6,7,67.97288578421346,0.3079175161456468
1,1,-10,68.08910719115708,0.01496736497095449
0,2,-10,68.09822263901569,0.030115083661851956
4,1,7,68.23872323783151,0.11407278384508138
5,3,3,68.27094190036645,0.27768611850171093
5,4,1,68.2937455045285,0.008454918205931286
3,3,-8,68.30638715787846,1.1539744922308997
4,6,3,68.35271892543733,0.2839155265294222
0,7,7,68.3841055011651,0.23853433353482217
0,6,8,68.3881217982963,0.577208528766283
3,-8,1,68.43901088635354,0.03171845521744296
1,-9,3,68.48879698214066,0.28208650479815656
2,7,6,68.61794720416736,0.13801128561891193
5,2,4,68.67089661775147,0.06177339221651824
2,5,8,68.72464345798241,0.061804084509385675
1,2,10,69.20583549183041,0.13691188871648122
5,4,2,69.2605505819421,0.49379949501781695
4,2,7,69.35304245065807,0.12045543657405756
4,5,5,69.42036443569756,0.03886465410970369
1,7,7,69.4871615820061,0.11611156527998981
4,4,6,69.61929994260556,0.014813317358369235
0,8,6,69.76180516990362,0.03041616217684468
0,5,9,69.77361545939831,0.23554095274380352
2,9,2,70.18053536549975,0.00023682914701587016
4,7,0,70.26749782330812,0.0329966966826889
5,1,5,70.43674800756955,0.04040400846343013
5,3,4,70.50693078703871,0.41085110196357366
4,7,1,70.58222614540266,0.008239386998341437
4,6,4,70.58611737122884,0.39344619732331265
2,8,5,70.6215622063638,0.043977216509485995
1,-9,4,70.7178979686609,0.4005313978493689
2,4,-9,70.82875777742485,0.11947800483058969
5,4,3,70.84257796956935,0.09269191399943415
1,-8,6,70.84341324423136,0.13892686823769365
1,5,-9,70.85504324891299,0.12426000275514977
3,8,3,70.98262737768746,0.3485513280592789
2,0,10,71.00182171840693,0.13858574428828754
1,3,10,71.02804314385024,0.2733715947284186
5,5,0,71.27180173003485,0.004156395367619885
2,1,10,71.36081373328722,0.14289244414363628
0,10,0,71.48919452929329,0.005461660465092709
5,2,-5,71.51682751573412,0.0436822282576688
4,7,2,71.51810148149357,0.5324640118794202
5,5,1,71.58211451988234,0.00791474673395969
3,2,-9,71.8597734049182,0.4985679759700876
2,2,-10,72.42711429230303,0.01675459129699685
0,4,10,72.4613863980438,0.033160511398890404
5,5,2,72.50508472523842,0.062158094032021355
1,-10,0,72.54505271882076,0.03517450696566933
4,0,8,72.59722624981725,0.029249950910118075
2,7,-7,72.69597542719856,0.13305692128565924
2,-6,-8,72.69975351551055,0.06352428329370725
0,10,2,72.71879071887638,0.1173518307324628
4,5,6,72.84785768022778,0.15020180802131902
1,10,1,72.8499421500706,0.009091435798509354
4,1,8,72.94836741498487,0.07047513386358668
5,4,4,72.99983996160243,0.06959793496338645
4,7,3,73.0512547871559,0.09396785204670106
5,3,5,73.28159294555232,1.3448958954483536
3,-6,-7,73.35333598058409,0.00011164865056102466
4,6,5,73.3577844620068,1.3790998625487807
1,9,5,73.48459477152535,1.3769599831077568
1,4,-10,73.50328059519487,0.15680260733716783
0,1,11,73.5864397949425,0.09178713914858183
4,4,7,73.6418976486649,0.13378024040038786
1,10,2,73.75704890480017,0.580249488766614
5,1,6,73.81706333968799,0.018090105626725757
3,7,6,73.95147987809725,0.07108699257419855
4,2,8,73.99179317022286,0.007817514321129152
6,0,0,73.99236868121201,0.8777264558945449
2,-8,-6,73.99343497014426,0.018118599401715618
2,5,-9,74.00456994262831,0.13712333191570028
5,5,3,74.0177971671324,0.09826117625928417
3,5,-8,74.05049166665624,0.030504502160363864
1,7,8,74.11751873954013,0.008365687183547207
3,9,0,74.2185196070784,1.7762508665507595
1,1,-11,74.61262534735017,0.04807335848299588
6,1,1,74.63448981330968,0.03915264000112819
1,-8,7,74.80020965806776,0.13931121420170836
5,2,6,74.84837999669013,0.16378357960468762
4,7,4,75.1451369485945,0.08027722942354427
6,0,2,75.1810362539983,0.04081397867001849
1,10,3,75.24459614886533,0.10888956045774259
6,2,0,75.36112273867933,0.018613011217040856
3,-9,2,75.4036222063296,0.08287043880172251
6,1,2,75.52016460237279,0.00013259330148692537
4,8,0,75.52567106961502,0.00500494112075607
2,10,0,75.62422821136435,0.003730514253879158
1,2,11,75.63309466931429,0.051098677604884304
5,4,5,75.68316331951858,0.0543276043961116
3,8,5,75.81427138813665,0.20562938052989768
4,8,1,75.81857547994312,0.00960142502701134
2,10,1,75.91675236636948,0.0120533946558478
3,4,9,76.00731297671196,0.6292831812322235
5,5,4,76.08508446811247,0.010022226988615516
5,6,2,76.28345072034422,0.0001387394356204459
0,10,4,76.28876254810763,0.01762635802063057
3,1,-10,76.50336224195402,0.08396064528393275
6,2,2,76.52853330361751,0.30426312934150335
5,3,6,76.53636544056218,0.3749049769746547
2,4,-10,76.54391861437448,0.021234503618602418
1,5,-10,76.56824212659052,0.021093984007069574
4,6,6,76.60932000342979,0.3614672912558471
4,8,2,76.69057686368178,0.075535021081853
4,5,7,76.70132028457319,0.15881087605461414
1,-9,6,76.73075679901083,0.3709667222575156
2,10,2,76.78763886025614,0.07757775024404959
6,1,3,76.97364645143318,0.49573118563008883
2,7,8,77.13394714841266,0.09348158730079231
1,10,4,77.27907239771253,0.09631288668248432
2,0,11,77.27985526945302,0.8998233901558165
1,3,-11,77.30394722121125,1.8175460474461809
2,1,11,77.60981303812088,0.06335962538081959
4,0,9,77.614154721505,0.24627519718559154
5,1,7,77.62242591476684,0.17979055685300807
2,-6,-9,77.71006315260945,0.49113967990312535
4,7,5,77.75446085371809,0.06261652094290145
2,-8,-7,77.7901702240002,0.19078202346701714
4,1,9,77.94269730050524,0.18512413997946842
4,4,8,78.0260856936877,0.01128282006929097
0,7,9,78.07001087833471,0.39341695731352505
4,8,3,78.12228597618632,0.1428566234848276
0,8,8,78.15326342990298,0.020908337365720432
2,10,3,78.21757135192752,0.14333313692604885
2,2,11,78.59137502197993,0.07227218054500739
5,2,7,78.60383039602384,0.216194839366076
6,0,4,78.6393093797931,0.449518557359834
5,5,5,78.6632357213277,0.07439658373118897
5,4,6,78.8388519719978,0.25259277163705274
3,-9,4,78.85213382870936,0.9327448376794221
0,11,1,78.91946761080682,0.029701905619397444
4,2,9,78.920119174464,0.2251598712178234
1,7,9,79.03800565596683,0.22152082449374358
1,-8,8,79.12023966263723,0.12090230912473293
3,3,10,79.13040394866823,0.7481360540632234
0,6,10,79.20096909518237,0.37950085837595776
6,4,0,79.3258054643503,0.025479045184395522
5,7,0,79.41183102103057,0.006566093876142958
0,9,7,79.44690972100527,0.0002339793003192523
2,5,-10,79.49172863225598,0.28477361544667973
1,4,11,79.58422960229692,0.08741134592675227
1,11,0,79.59920043700427,0.009192063813072249
2,-9,-6,79.64827843423222,0.0001419471843727304
5,7,1,79.6904530254714,0.019539014135817583
1,10,5,79.81866702896164,0.09433821036890874
1,11,1,79.87716887510805,0.016462430723783214
0,0,12,79.89639046959313,0.2964342579022784
6,2,4,79.9285254280892,0.06760471353611827#
3,Fe2O3_Ia-3,cubic,9.4039,9.4039,9.4039,90.0,90.0,90.0
2,0,0,13.362935180466796,0.18877120934978794
1,1,-2,16.366186329014944,6.196087974583435
2,2,0,18.898044165328706,0.0397507654114649
2,2,2,23.145282670818077,41.529732965831485
3,2,1,24.999762563487472,0.27560756290943744
4,0,0,26.72587036093359,6.062406435773148
4,1,1,28.34706624799306,1.7505801933457183
4,2,0,29.880431442447172,0.5828405425154587
3,3,2,31.338860883980196,4.31918878415301
2,2,-4,32.73237265802989,0.5021816146003076
4,3,1,34.068933622037854,3.924769947419505
5,2,1,36.59590516410516,1.5899249360687095
4,4,0,37.79608833065741,18.26972015939526
3,3,4,38.95931610561889,0.8708373389879487
2,-4,-4,40.08880554140038,0.21836875323191837
5,3,2,41.18733237361813,2.261589564296765
6,2,0,42.25731139546825,0.5012969105504455
4,1,-5,43.30085893711867,1.8837410966032002
6,2,2,44.31984209144848,9.278362872223433
6,1,3,45.3159179685197,2.3920823924495482
4,4,4,46.29056534163615,1.1933758121893683
5,3,4,47.245110413321754,0.6553863165757529
6,4,0,48.18074798387467,0.5056739024027076
7,2,1,49.09855898704484,1.5518253355192542
6,4,2,49.999525126974945,0.5744334205825383
7,3,2,52.60992841545249,0.6035629229954671
8,0,0,53.45174072186718,1.492865445846139
8,1,1,54.28049930238661,1.2522024531017457
8,2,0,55.096793217346786,0.7075264485221114
5,3,-6,55.90116851331239,0.7420100961250442
8,2,2,56.69413249598612,0.5003759748089698
8,3,1,57.476157472391165,1.0672792172063141
6,6,2,58.24768404073921,2.27364195212657
5,2,-7,59.00912399306114,0.02158305462051078
8,4,0,59.760862884894344,1.2783763105467334
8,3,3,60.50326231754632,0.31021204737832153
4,2,-8,61.236661971277464,0.4528201108937824
7,6,1,61.96138142184354,0.8379140516739892
6,6,4,62.67772176796039,0.1141267215048118
8,5,1,63.38596709320238,0.8028733061242113
7,6,3,64.77923171030892,1.1272035115792631
4,4,-8,65.46474531605978,1.8544949961117994
9,4,1,66.14315457865045,1.0074217213766614
10,0,0,66.81467590233397,0.7007110025381779
10,1,1,67.47951492306838,0.31824984924927596
2,0,-10,68.13786724407571,1.6912618980931182
9,4,3,68.78991910803475,0.47044839357001744
2,2,-10,69.43584801245422,1.692774211112702
5,-6,-7,70.07582327398887,1.6078748639102651
8,7,1,71.33855229933306,1.1560712132864697
4,0,-10,71.96160825386934,1.5510428216225312
10,3,3,72.57931579177387,1.0996348504872913
10,4,2,73.19181032821032,1.4001928795166632
8,7,3,73.79922165876407,1.1163630201436645
10,5,1,74.99928769046242,1.438403800452282
8,8,0,75.59217666131482,0.6240269700806357
10,4,4,76.76421828581846,0.8644815050682586
10,5,3,77.34357909582064,1.5120246382155593
10,6,0,77.91863221123778,0.6487046716355592
8,7,5,78.48947231309954,1.2957298409586178
2,-10,-6,79.05619066403023,2.313720535466334
5,-6,-9,79.61887527858063,0.4396761710693198#
4,Fe2O3_R-3cH,trigonal,5.038,5.038,13.772,90.0,90.0,120.0
1,0,-2,17.048320809289628,7.88080196300112
1,-1,-4,23.24691559579027,26.274607814994656
2,-1,0,24.943173113059093,18.423098593944964
0,0,6,27.3737379052262,0.4028901823134474
2,-1,3,28.451577577948793,6.51724901084145
2,-2,-2,30.212698114608894,0.5005017835177777
2,0,-4,34.096641618579255,10.842583339200637
2,-1,-6,37.033544413842584,13.525005802012263
3,-2,-1,38.37350064480945,0.16954842009928486
3,-1,-2,39.178680584120315,0.6761038385653203
1,0,-8,39.23664682313148,2.5235019846664253
3,-1,4,42.2462170450073,9.173033020313953
3,-3,0,43.20284313380431,9.070243363925982
3,-1,-5,44.40803121440838,0.08488770092301488
2,-2,-8,46.49383119158054,0.9192858954943974
1,0,10,47.841780702929235,3.3448793311881135
2,-1,9,48.043056943559215,0.601932802620752
3,-2,-7,49.71539923346234,0.050013008137582575
4,-2,0,49.886346226118185,2.1402965209410234
3,-3,6,51.14496242786888,0.7830587368721016
4,-2,3,51.729855224214,0.350803823202426
4,-3,1,52.123404739457094,0.019184493432163992
4,-3,-2,52.718998304298175,0.504901106116348
2,-3,8,52.76209078324343,1.3325551947671583
2,0,-10,53.95366406255654,1.7858075003998497
0,0,12,54.7474758104524,0.04549961846403167
4,-3,4,55.03695689725162,2.758725534321611
4,-3,-5,56.713287739611225,0.013671171443118415
4,-2,6,56.903155155897586,2.5900651090725697
4,-4,2,58.32199128250533,0.26786376737685386
3,-1,10,59.44038821141093,2.901216737796595
2,-1,12,60.161848314061174,0.1908694600512409
4,-4,-4,60.42539622921779,0.9121948192359497
4,-3,7,60.958548956144085,0.010904897697063947
5,-3,-1,62.9378510240803,0.03160651127989333
3,-1,-11,63.01003074710076,0.021376564710198453
5,-3,2,63.43198366837239,0.0758093741729809
4,-3,-8,63.46780281146725,1.1623425467127797
4,-2,9,64.61130686904711,0.1718665137401564
5,-3,-4,65.37117403264226,2.7646256028500336
1,0,-14,65.47539018011183,1.3436562122407463
5,-4,0,65.99343296598714,2.289915795978177
5,-3,5,66.78862759581159,0.029361010146459417
5,-4,3,67.39780097571614,0.2849626909915544
4,0,-8,68.19328323715851,0.6819466102233408
4,-1,-10,69.11934259394621,3.0358813551617345
3,0,-12,69.74074678737081,0.12647924487299428
2,-2,-14,70.06560214674472,1.6175038598980935
5,-2,7,70.42917336398804,0.029967178400315583
3,-2,-13,70.49368300745778,0.020337902206414436
5,-4,6,71.4454667669003,3.8806161708351237
4,-3,-11,72.2121024804475,0.010080133308807063
5,-5,-2,72.5805781321748,0.03757911442536872
5,-3,8,72.61188445159208,0.6883523417817029
2,-1,15,72.8383238968206,0.22398838995963227
4,-4,-10,73.48227953437033,1.93406120433138
4,-2,-12,74.06708882768517,0.17261107930504752
5,-5,4,74.28131773401755,1.6520112347414224
3,-1,-14,74.37304948120625,3.561596083123799
1,0,16,74.40360159793732,0.23626884723201763
6,-3,0,74.82951933917727,2.684949080274983
6,-3,3,76.07093627830743,0.000712471846813067
6,-2,-1,76.33910365188623,0.06279656875731708
6,-4,-2,76.7470012896189,0.23245232800746937
5,-3,-10,77.60030470633072,3.361891121485348
5,-4,9,77.72455615936497,0.4502313134809287
6,-2,-4,78.35736116824063,3.978574235268939
2,0,-16,78.47329364626296,0.5207544503367745
4,-1,-13,78.82691871341926,0.017552988535225775
6,-2,5,79.54373910607993,0.1002428985238932
6,-3,6,79.67922245752857,1.3938935496676486#
5,LiAl5O8_P4332,cubic,7.908,7.908,7.908,90.0,90.0,90.0
1,1,0,11.23642624723917,1.1226458478339338
1,1,1,13.76175541907601,0.524245347746908
2,1,0,17.76634985088702,1.2113821705144396
1,1,-2,19.46206115571873,0.9234652448604264
2,2,0,22.47285249447834,3.298117527340351
2,2,1,23.836059587175974,0.04514828876877368
3,1,0,25.12541291298964,0.14764581771294621
1,1,-3,26.35175537707211,9.12878106287962
2,2,2,27.52351083815202,1.0575470199493047
3,2,0,28.647378348859327,0.05228534836772895
3,2,1,29.7287894753136,0.059068893072622024
4,0,0,31.781412782901302,5.092143634866157
4,1,0,32.75953045881434,0.02456692086664972
4,1,1,33.7092787417175,0.07669218317485049
3,3,1,34.63299165090463,0.02455688768084593
4,2,1,36.41018244257059,0.35713955186927937
3,3,2,37.26700984659351,0.013550767431670847
2,2,-4,38.92412231143746,1.3179293097048224
4,3,0,39.72676597862663,0.04094042749859768
1,0,-5,40.51351098739023,0.09675840483952099
5,1,1,41.285266257228024,3.7430081993639965
5,2,0,42.78703640987368,0.25234468698647095
5,2,1,43.5184917264452,0.39429032319010066
4,4,0,44.94570498895668,7.483890145119923
5,2,2,45.64257918171526,0.028576479817918412
5,3,0,46.328972271829755,0.06611853239492518
5,1,-3,47.00534341081652,0.043935343915061285
4,4,2,47.67211917435195,0.0005608265177751952
6,1,0,48.329696708943224,0.08233130145247058
5,2,-3,48.9784464982635,0.1449127051221892
6,2,0,50.25082582597928,0.5421748838916673
6,2,1,50.87508362251337,0.038117728025461886
4,1,-5,51.49177381876207,0.060773851612890784
3,3,-5,52.10116513483526,1.0392439914629412
2,2,-6,52.70351075414422,0.0006280920809234512
5,4,2,53.29904955266105,0.16348777170617018
3,1,-6,53.88800720588804,0.010708194603487693
4,4,4,55.04702167630404,0.5789222152803402
6,3,2,55.617472370077266,0.042214406961151585
5,0,-5,56.18213123619583,0.04876011235314252
5,1,-5,56.74117118676662,0.049871225269225425
7,2,0,57.8430443740265,0.050918340515129695
7,2,1,58.38618346715619,0.12562425253449508
6,4,2,59.4575789506272,0.6583951230040055
4,4,-5,59.98610115747556,0.005630817001973191
7,3,0,60.510007184594784,0.019433300052996417
5,3,-5,61.02941591465984,1.817667574685864
6,5,0,62.05519222187761,0.07775256892847478
7,3,2,62.56177362494611,0.1342688942074628
8,0,0,63.562825565802605,1.1251995154141738
8,1,0,64.05748536520514,0.04431228165661318
5,4,-5,64.5483545004696,0.04246959365916851
3,3,-7,65.03551880413592,0.023731928865511343
8,2,0,65.51906091762868,0.00019347777288880035
8,2,1,65.99906045492438,0.04930333855257412
5,3,-6,66.47559415558152,0.04977209518576016
8,2,2,67.418557483435,0.41679484990334864
8,3,0,67.88512746214779,0.0371708926225416
8,1,-3,68.34851255116584,0.03791099260184087
5,5,-5,68.80877709538004,1.4983999316401988
6,6,2,69.26598330180926,0.009960124204919922
6,4,-5,69.72019133774191,0.14417675837741006
7,5,2,70.17145942315982,0.016736362866943584
8,4,0,71.06539940354808,1.0130390198281407
8,4,1,71.50817876152792,0.05059944283870038
9,1,0,71.94823324582374,0.026324150240783457
9,1,1,72.38561255249746,0.03676147294899218
8,4,2,72.82036488514117,0.0016486077213729577
9,2,0,73.25253701688375,0.08270520444870741
9,2,1,73.68217434912427,0.33917995797091405
6,6,4,74.53401969318702,0.32241928003647485
9,2,2,74.95631213599835,0.1295302448859171
8,5,1,75.37623873896891,0.048810212919144426
3,-9,1,75.79383882505793,1.9510107878568297
8,5,2,76.62221139231434,0.1300281561419121
3,2,-9,77.03305729395224,0.2006151725188736
4,4,-8,77.84824462287492,6.291135111247342
9,4,0,78.25265380974498,0.005133330370027099
9,4,1,78.65498373067416,0.061169988261295515
7,5,5,79.05526613121634,0.06949146406387915
4,2,-9,79.8498113829149,0.5385611275283153#
6,Al2O3_R-3cH,trigonal,4.7607,4.7607,12.9947,90.0,90.0,120.0
1,0,-2,18.04901319486923,3.839521921816243
0,1,-4,24.62347885417106,5.7690204274445245
2,-1,0,26.39605649244684,2.4435975184765564
0,0,6,29.011144422785833,0.06284351535088396
2,-1,3,30.11915376521026,6.979617794280536
2,0,2,31.976845930469892,0.08786539052890253
2,0,-4,36.09802638973846,3.278765721535326
2,-1,-6,39.22242087215145,6.514587144281504
3,-2,-1,40.609521859043625,0.16833666359470242
3,-2,2,41.464086557085196,0.21673947198665233
1,0,-8,41.57536584535117,0.49444221691172935
3,-1,4,44.71933930176853,2.5804076783343346
3,-3,0,45.71931096437625,3.9235152753498848
3,-1,-5,47.01309320568721,0.08204625684679422
0,2,-8,49.24695770834212,0.09963680186975037
1,0,10,50.696721253889095,1.1403994429780884
2,-1,-9,50.89652664938791,0.585141229276162
3,-1,7,52.643409843143004,0.048013694785687976
4,-2,0,52.79211298489368,0.4519189747356753
3,-3,-6,54.14703958460769,0.05998924993641237
4,-2,3,54.74868782527773,0.3451516813773501
4,-3,1,55.16010208769589,0.018687897195885095
4,-3,-2,55.79224023749489,0.2634719301533426
2,-3,8,55.87499120250206,0.19237023721190397
2,0,-10,57.156883612098504,0.5359722631286412
0,0,12,58.022288845571666,0.12352019506229706
4,-3,4,58.25223518708608,0.638921117534238
4,-3,-5,60.031113012100015,0.013669168986533633
4,-2,6,60.23830753042052,1.254098497036822
4,-4,2,61.721356669071916,0.16513961429348556
1,-3,10,62.95761385725654,0.9645506902258497
2,-1,12,63.74431583467968,0.018517247526847587
4,0,4,63.953691860939784,0.17884185749727588
4,-3,7,64.53551112850982,0.011430173001868014
5,-3,-1,66.60435765796349,0.033868276278257115
3,-1,-11,66.74295169793288,0.02294846565509854
5,-2,-2,67.12881398790859,0.013161467034677247
4,-3,-8,67.19760589920278,0.2947457079317044
4,-2,-9,68.41572787034563,0.19343735440218232
5,-3,-4,69.18689544268103,1.012476270560151
1,0,-14,69.38694556240746,0.3566452707010257
5,-4,0,69.83740107182624,0.6004117460484424
5,-2,-5,70.69114602392871,0.03389632932221286
5,-4,3,71.32793431501469,0.34114987109980793
4,0,-8,72.19605277947691,0.22998142817513093
4,-1,-10,73.19265495460805,1.3480776140225774
3,0,-12,73.87043656251319,0.511252718625285
0,2,-14,74.23813045081982,0.5632920290463193
5,-3,-7,74.55424731913605,0.038462448226041696
3,-2,-13,74.67808872517817,0.02628580113695216
5,-4,6,75.62346916921263,2.323340516033873
4,-3,-11,76.47303575808594,0.014191189427828968
5,0,2,76.81003361624133,0.005763627528953541
5,-2,-8,76.87016219112239,0.07469004501984651
2,-1,-15,77.18187888261599,0.33216449649741564
4,-4,-10,77.80691831486936,1.1233712696786344
4,-2,-12,78.4448417443029,0.02221402073572513
5,0,-4,78.61507551164324,0.8473785810358637
3,-1,-14,78.79119120298529,1.4873060362398414
1,0,16,78.84980901908848,0.3000906653725138
6,-3,0,79.18816947734051,1.8479538396254775#
7,(Al0.31Fe2.35)O4_Pna21,orthohombic,5.0647,8.7131,9.3842,90.0,90.0,90.0
0,0,2,13.390987632786144,0.23974141277997424
1,1,0,14.349430627932247,0.10061863156977154
0,2,0,14.422387685621846,0.024920237870677132
1,1,1,15.834639143068525,0.6637310539804926
1,2,0,19.0239351676151,0.9934283956105165
1,1,2,19.627142153845817,1.2049994740402767
0,2,2,19.68054410670112,4.6035211226847235
1,2,1,20.167789831981597,0.44406695812853364
0,1,-3,21.34169753432971,5.971532609997661
0,3,1,22.646003779755613,0.21175413748122143
1,2,2,23.264321590002446,16.377661438168694
1,1,-3,24.68547946372646,2.482600763872505
2,0,0,24.811678113924167,3.004908903100846
1,-3,0,24.938257606629083,1.0216714249641479
2,0,1,25.69920248323557,1.8550841763966903
1,-3,1,25.82143160051261,4.767541058457691
2,1,0,25.838356903401916,0.5277294748690123
2,1,1,26.691765114224562,0.13092398393732504
0,0,4,26.78197526557229,0.9177789757234319
1,2,-3,27.665444985935853,1.3487994931934637
2,0,2,28.194643473724135,1.291589901945006
1,-3,2,28.306099028937652,3.2707606251140366
2,2,0,28.698861255864493,0.033914492535925926
0,4,0,28.844775371243692,0.5030134984802462
2,1,2,29.102220486571284,2.5351535549099267
2,2,1,29.469548263058222,0.07671745197723838
0,3,3,29.52081616005168,0.016535367360566613
1,1,-4,30.3838832026383,0.14945437622062652
0,2,4,30.418406692003156,0.05358814150408841
1,4,0,31.39945714379076,0.47166341056823075
2,2,2,31.66927828613705,0.6772564161178567
0,4,2,31.80156625072008,1.5160629469179168
2,0,3,31.923128102321115,0.7152114963610092
1,3,-3,32.0216087894224,1.906411331925561
1,4,1,32.105381891049205,0.037114690247966375
2,1,3,32.727472014743185,1.8344140782317009
1,2,-4,32.85094075346014,0.11226081615472973
2,3,0,32.918554351251984,0.12908555108930583
2,3,1,33.59257147081314,0.09570631643913066
1,4,2,34.13567721177045,1.2708366318447737
0,1,5,34.245324538870136,0.4726667153060644
2,2,3,35.02986403615608,0.593898648850432
2,3,2,35.53800459167287,0.00019527089694686196
1,1,5,36.4231670160598,0.14699932844015792
2,0,4,36.508814962344495,2.340562879491872
1,-3,-4,36.59495718784652,1.3817981518705078
0,5,1,36.67236770935594,0.5356050000705268
2,1,4,37.214175882226705,0.0943320408899687
1,-4,-3,37.27455762223038,0.11254751229976437
3,1,0,37.90969402413856,0.05625842981253203
2,4,0,38.0478703352302,0.28455667704376336
1,5,0,38.130535777406806,0.006720612144302415
3,1,1,38.49642241103925,0.012488667745006463
1,2,-5,38.50520802950646,0.05476033432882853
2,3,3,38.56290909130886,0.0008085163222904414
2,4,1,38.632500236094586,0.020957199614697244
1,5,1,38.71391734399217,0.09623478244809346
2,2,4,39.254284307691634,0.09812348291933967
0,4,4,39.36108821340224,0.058349613848304664
0,3,5,39.85916188132026,0.1382213121789067
3,2,0,39.91426876343333,0.025359357393571105
0,0,6,40.172962898358435,0.3474703200492651
3,1,2,40.20526645584181,1.109713882831566
2,4,2,40.335579663963195,0.4885310752027997
1,5,2,40.413565896287,0.034270422172830564
3,2,1,40.47194693074387,0.26133687053065335
1,-4,-4,41.26984502091665,0.2384589545890337
0,5,3,41.27347396298348,1.8438411400475228
2,0,5,41.66965690958986,2.235965529975749
1,3,5,41.74515095898613,6.3833179094094294
3,2,2,42.10068171302005,0.6210381635318541
2,1,5,42.28902485990336,0.2077483920923574
2,3,4,42.43707600320805,0.06503519984758395
1,1,-6,42.658798709981546,0.06784652300162111
0,2,-6,42.68339506865942,0.049959142441493354
3,1,3,42.90235002901389,0.16010497688221356
2,4,3,43.024495047062565,0.3397673515371276
3,3,0,43.04829188379674,4.398057348533476
1,5,3,43.09761589322918,0.10589508357886375
0,6,0,43.26716305686554,2.1491140540285234
3,3,1,43.565870490074204,0.4881067079277935
2,5,0,43.7681652207839,0.0256458401330117
2,2,5,44.0949608630885,0.011156458344043751
2,5,1,44.27732968731511,0.23073355871234863
1,2,6,44.44971380441618,0.6723869772176259
3,2,3,44.683504651356635,1.4964190249564417
1,6,0,45.01057921974162,0.2678401790503731
3,3,2,45.08296778045997,0.020355644496768275
0,6,2,45.29200755951123,0.002597076283496557
1,6,1,45.50584445037796,0.049246631891829644
2,5,2,45.77085138573751,1.3781583527139878
1,4,5,45.89844055149041,0.04477361491941821
3,1,4,46.41572039869178,0.006539526613247684
2,4,4,46.52864318000489,0.05326932463141556
1,5,4,46.59626549196648,0.037801689504330736
2,3,5,46.9507418121405,0.07161590195620753
1,6,2,46.960310811131436,0.008297237540372544
3,4,0,47.08677787428993,0.03745589842150506
2,0,6,47.21743659774286,0.17105676675053763
1,3,6,47.28407385671709,0.22699272619311478
0,1,7,47.419969964785196,0.49527618981222993
3,3,3,47.50391742920557,0.008644248645100744
3,4,1,47.560427752787064,0.036244032405891906
2,1,6,47.7649205536915,0.1139148256328959
3,2,4,48.06686020581452,0.0003432032247896891
2,5,3,48.15723231044387,1.1078821639072878
3,4,2,48.9538885111709,0.11391838608214969
1,1,-7,49.01589940181018,0.7388430600788303
0,5,5,49.2013602667528,0.03936314829878715
1,6,3,49.2891365181503,0.0005687190153829848
2,2,-6,49.37095892745292,0.08683002382281689
0,4,6,49.45591991107222,0.037193286751433165
4,0,0,49.62335622784833,0.004804697749908504
2,-6,0,49.876515213258166,0.45687662137333407
4,0,1,50.073017891488135,0.40024138240070023
4,1,0,50.14457896876319,0.07277731845790018
2,-6,1,50.32391486424453,0.2617222344894995
3,1,5,50.575545841224034,0.02747512567983176
1,2,7,50.582233482559445,0.17014276319733773
4,1,1,50.5896079980848,0.009458059673188177
2,4,5,50.679200597290766,0.07430292603937463
3,3,4,50.699404663548925,0.4852341054189332
1,5,5,50.741291812546976,0.010760025993510825
0,6,4,50.88537705584106,0.1962441737340144
0,7,1,50.92046889745294,0.054773500625335515
1,4,6,50.98816389082505,0.09367157348910014
3,4,3,51.19210278539982,0.19472734663680785
2,5,4,51.312050104430284,0.0721709749001707
4,0,2,51.39840496647114,0.1023665679285434
0,3,7,51.620384389985745,0.0025625685180179977
2,-6,2,51.64286320102522,0.14647569492383478
4,2,0,51.67671380680383,0.004104079798574887
3,5,0,51.81868871681401,0.005237046976092361
4,1,2,51.90180487936772,0.7403768277120963
2,3,-6,51.93744476395825,0.010630285690529009
1,7,0,51.98047092897832,0.04277781873186634
3,2,5,52.09500731407508,0.09295355943191333
4,2,1,52.108659427351114,0.06830434239041379
3,5,1,52.2494606457849,0.0030952943276315874
1,6,4,52.3758192377204,0.15467601634174244
1,7,1,52.40991314096712,0.03322961369207065
2,0,-7,53.0308552227052,0.0033143601720540183
1,3,7,53.09019615029812,0.010959819889690805
4,2,2,53.383530228449125,0.004195633051267778
2,1,7,53.5189024765093,0.3724211783612756
3,5,2,53.52097766401038,0.12219824051986429
4,0,3,53.534514290541146,0.14408364526073383
0,0,8,53.56395053114458,0.22323295186611342
1,7,2,53.67762949106258,0.03726061639461508
2,6,3,53.76926172848754,0.12155584705706793
4,1,3,54.018011227392925,0.001907487913888737
4,3,0,54.1339942463447,0.048177736590640965
3,4,4,54.17046104389776,0.0044191700479320134
0,7,3,54.32799694724015,0.029140006685690122
3,3,5,54.53344267737465,0.32536325562760976
4,3,1,54.54648449266588,0.0013877195054192123
2,2,7,54.9570457012192,0.1825511758415702
2,5,5,55.10347741229935,0.030679503332585845
3,1,6,55.235965177017505,0.06076553737220727
2,4,-6,55.330889971871706,0.03426526224522575
1,5,-6,55.387766760404624,0.017215702336168263
4,2,3,55.4432095650904,0.10899107706457256
1,1,8,55.45270918403125,0.010054983828415963
0,2,8,55.47163295827229,0.09278710212280894
3,5,3,55.57556331102986,0.028162507923459
1,7,3,55.72643981995065,0.11588368309986702
4,3,2,55.76565146077567,0.0004910141779342808
1,6,5,56.09539355268473,0.038886150404990986
2,-7,0,56.24663444260552,0.04246709239380795
4,0,4,56.38928694744827,0.003035713946510067
1,4,7,56.414343422105766,0.024269026752701112
2,-6,4,56.612198057875304,0.6926015102351004
3,2,-6,56.630520030743774,0.04524011878338136
2,-7,1,56.64374213949371,0.03094084855535208
1,2,-8,56.84194670984206,0.39023196305854735
4,1,4,56.84850920719253,0.031000582673324697
3,-6,0,57.0718055028453,0.017930808388318575
2,3,-7,57.27375887261867,0.0008289823059787503
4,4,0,57.397722511728986,0.0035375601115057802
3,-6,1,57.46321102061701,0.06031887831579769
0,8,0,57.689550742487384,0.0040825051665297945
4,3,3,57.74041972545318,0.0002528444179513467
3,4,5,57.77461022557112,0.15455774226735042
4,4,1,57.78692055282751,0.0018101435714192788
2,-7,2,57.81870316689513,0.02334458795112031
4,2,4,58.20444097314257,0.008430446062927229
3,5,4,58.330529737486465,0.01795033040804793
1,7,4,58.47429826106583,0.012345848918511506
3,-6,2,58.621749659456896,0.0030973006283837395
3,3,-6,58.88142646153745,0.26909212205446625
4,4,2,58.939096526116444,0.001970213787403345
1,8,0,59.00838167224443,0.002882836348607662
2,0,-8,59.03148454284278,0.022391112381242792
0,6,6,59.04163232010336,0.11575527330141108
1,3,8,59.08479913613566,0.004763517634609
0,5,7,59.132775605305305,0.6232553692312124
0,8,2,59.223329986175706,0.005407938383269594
1,8,1,59.38702505617393,0.052942241143754495
2,5,-6,59.4097570675619,0.2334632186511492
2,1,-8,59.47030758261202,0.08876158937606952
2,-7,3,59.72562785880378,0.025826061538677465
4,0,5,59.85999013907269,1.0283850828253518
2,6,5,60.07002335568316,0.8865180194710731
3,1,-7,60.28098486111804,0.02823955284882803
4,1,5,60.292783449501435,0.0008971758100052695
1,6,6,60.33091404685926,0.03175741028365493
2,4,-7,60.3679772053779,0.2116051159973193
4,3,4,60.39671789252299,0.034516101371362636
1,5,7,60.42011249157548,0.12224791940018945
3,-6,3,60.5033694959448,0.0058169436889032875
1,8,2,60.508740338555256,1.2492846698194808
0,7,5,60.57066494124909,0.083364627331578
0,1,9,60.689389103142084,0.0811555499794539
2,2,-8,60.7677664052766,0.02459517459135087
4,4,3,60.810897761352464,0.12966989414079316
0,4,8,60.83681338400631,0.0831659461110535
4,5,0,61.33930550047651,0.0067651866514672285
3,2,7,61.56136033050379,0.6527623514184399
4,2,5,61.57291357410543,0.00851163156061046
3,5,5,61.692118106481104,0.001601919388887161
4,5,1,61.70364686731365,0.009793678148841987
1,7,5,61.828070438372144,0.2958753012936422
3,4,6,61.89532776078985,0.016110541850395385
1,1,9,61.944384672218895,0.03123503968721542
1,4,-8,62.08882915168924,0.0534879684573899
2,-7,4,62.29733610071801,0.06000341842571452
1,8,3,62.333424778247945,0.1593675533252095
5,1,0,62.446956565710565,0.036241709955528126
3,-7,0,62.715293985249936,0.14507125294688816
4,5,2,62.7839864062662,1.1226747033316
2,8,0,62.79891428758152,0.0025103564647485895
5,1,1,62.80487259572381,0.01162735145652607
2,3,-8,62.87072464254912,0.0048810308742183225
3,-6,4,63.04335954309803,0.01471506159809961
3,-7,1,63.071687285989775,0.01495736815002845
2,8,1,63.15483570673245,0.0012457022935517855
1,2,9,63.19106536794272,0.017034307343953933
4,4,4,63.3385565722741,0.009582532056635274
0,8,4,63.60313250144016,0.007609382335980588
3,3,-7,63.638099193290614,0.022282025454115634
4,3,5,63.64927548053653,0.00013273709073578953
5,2,0,63.683799621532664,0.004240287560062219
4,0,6,63.84625620464223,0.04884826955424927
5,1,2,63.866586992739585,0.18577286804117477
0,3,-9,64.02509260298913,0.026316573784251403
5,2,1,64.03480281597564,0.04042963766731796
2,6,-6,64.0432175788448,0.096048427046297
2,5,-7,64.12725256563213,0.5837738164877972
3,7,2,64.1289844722163,0.18633107039346855
2,8,2,64.21076378209841,0.0006250418908586674
4,1,6,64.25220422668323,0.11183400499441654
4,5,3,64.54438113646306,0.001971734911949968
1,8,4,64.80172302264037,0.07571649844004559
1,6,7,64.98157028357481,0.00027481105041167746
5,2,2,65.07645414446729,0.05858647434637203
2,0,9,65.16763003135046,0.16664318270936754
1,3,-9,65.21592846482046,0.7368583332188344
0,9,1,65.24520124247826,0.040065394305167604
4,2,6,65.45494402948637,0.0018747956738516377
2,7,5,65.45551789004533,0.06877563556320816
2,1,9,65.56539728043722,0.07033013783014579
3,5,-6,65.56709119949542,0.014159353597035846
5,1,3,65.59793534348442,0.054203623594799105
3,1,-8,65.62196048204221,0.13966634027989716
5,3,0,65.6934769777677,0.5687642959406891
1,7,6,65.69502497169206,0.00516813340214818
2,4,-8,65.70188150692027,0.028417428371608936
1,5,-8,65.7497874914817,0.005063899938012311
4,6,0,65.83710870250397,0.005636654128418009
3,7,3,65.85343450925356,0.03235362406098806
2,8,3,65.93307495261564,0.0051201260823005215
5,3,1,66.03379857977166,0.08445180914338946
1,9,0,66.07580109566113,0.024488709103789596
3,-6,5,66.16594229275775,0.1773344300857196
4,6,1,66.17669166519796,0.26478824385810923
1,9,1,66.41416360896771,0.12095460862271336
3,4,-7,66.43656286567852,0.13120927594023404
4,4,5,66.4472684590374,0.13607968277986524
2,2,9,66.74447745287506,0.03273918409523775
5,2,3,66.77644098964652,0.5938329235886886
3,2,8,66.80004227111307,0.056567986344945524
4,5,4,66.9311930149651,0.032187607092689995
0,0,10,66.95493816393072,0.2723112800170436
5,3,2,67.04439922327536,0.032670692066402406
4,6,2,67.18514294162628,0.08501352226549447
4,3,6,67.41184080779996,0.011030706033308229
1,9,2,67.41906288443059,0.08197407049564726
1,8,5,67.84342299524118,0.003377168690713953
0,9,3,67.93801133926684,0.00276335119740433
5,1,4,67.94774892110456,0.009873370992272092
1,4,9,67.94944107201133,0.03313438882605455
3,7,4,68.19444477948372,0.07592794829132439
4,0,7,68.25781800012705,0.007766762182778018
2,8,4,68.2713544235409,0.01931689558466709
5,4,0,68.4079098781614,0.01080075483686808
2,-6,-7,68.44208504013382,0.0013475446350174657
1,1,10,68.47532332075276,0.010987231535068224
0,2,10,68.49064907774027,0.015214236898633396
4,1,7,68.63767940990621,0.016299138607623803
3,8,0,68.65295222519742,0.0002548343120862241
2,3,9,68.66463320844522,0.023491306394046934
5,3,3,68.69570331859713,0.04046925222441048
3,3,-8,68.71864543641313,0.4096662446004525
5,4,1,68.73479301884898,0.01023528130962959
4,6,3,68.83307068054965,0.11786351511931677
0,6,8,68.85596702895323,0.2136576225269304
0,7,7,68.88190437345392,0.018323283343169638
3,8,1,68.97867414411934,0.22819643308765866
1,9,3,69.06140910408355,0.0780174965494404
5,2,4,69.08618192780123,0.01752295681667037
2,7,6,69.1198295292529,0.03832324992505702
2,5,-8,69.17188072690189,0.26143025525038555
2,9,0,69.48183948741651,0.08934145486848068
1,2,10,69.60512807112282,0.09891104199131237
5,4,2,69.70624565761726,0.010047462175163042
4,2,7,69.76485493923747,0.3052531675466967
3,-6,-6,69.79296477000733,0.0013320798546218604
2,9,1,69.80369371315868,0.05628152845961988
3,5,-7,69.870084694042,0.0021538116187182145
4,5,5,69.88026427693826,0.0018946226136222555
3,8,2,69.94673973114595,0.25483571010477124
1,6,8,69.9646270496709,0.015130532210520957
1,7,7,69.99015354191543,0.30908277944682966
4,4,6,70.05972807231215,0.0028158187171998944
0,5,9,70.22274239189781,0.0485642537063071
0,8,6,70.29901288711606,0.0014509861118136493
2,9,2,70.76047320599645,0.004394835661370417
4,7,0,70.78518205533591,0.053071560757497804
5,1,5,70.85452223008556,0.008520180837551752
5,3,4,70.94298497070884,0.9972760522127588
4,6,4,71.07600918334575,0.0034906702161866636
3,7,5,71.09113190680166,0.07077789575189693
4,7,1,71.10113667201395,0.007923945191549268
2,8,5,71.1649110997334,0.019318586706500683
3,1,-9,71.19231372892577,0.01119422636762834
2,4,-9,71.26598817192165,0.03653841744851651
5,4,3,71.29592464444846,0.1613941047233056
1,9,4,71.29716466704058,0.11817766685985105
1,5,9,71.31015630151211,0.03197984758072729
3,4,8,71.3180303085105,0.01025082789578454
1,8,6,71.38526497541461,0.4900510284050445
2,0,10,71.40436341964524,0.44162166505313916
1,3,10,71.44844600822596,0.35370595435655383
3,8,3,71.53107427016221,0.9196099659393662
4,3,-7,71.60406111308085,0.0008692646070024112
5,5,0,71.74715313966124,0.0004403903694610364
2,1,-10,71.76757228723405,0.07450632683527615
5,2,5,71.94697540807029,0.06643017966240573
4,7,2,72.04068675677988,0.04380101128031606
5,5,1,72.0588899518398,0.005592338495797814
0,10,0,72.11193842810923,0.1830913380826047
3,2,-9,72.27966162063555,0.10876016796535602
2,9,3,72.32698497492711,0.006835749754148602
2,2,10,72.8463340321196,0.015292584726631479
0,4,10,72.90394235398585,0.009556839806165491
5,5,2,72.9861119215665,0.047698958450113745
4,0,8,73.01762992468899,0.002880169138228092
0,9,5,73.02634855899667,0.2038351724162509
1,10,0,73.17128197979494,0.03322711302581766
2,-6,-8,73.18991437569304,0.02723778767919433
2,7,7,73.21431636601297,0.034305596836300835
4,5,6,73.32378432209886,0.434417976803231
0,10,2,73.34473541871188,0.06814462002747661
4,1,8,73.37285326643249,0.19348843136047822
5,4,4,73.46370759105737,0.018818845263042082
1,10,1,73.47697696565925,0.023397140235063823
4,7,3,73.57994791799781,0.0019488517771972683
3,8,4,73.6919401858912,0.00414435406333737
5,3,5,73.73176963536439,0.37710141870271646
3,-6,-7,73.85014027188532,0.010316762946858914
4,6,5,73.85977131320723,1.5032008316044532
1,4,-10,73.95194151244806,0.2078203063537038
0,1,11,74.00261784239052,0.12639012503348435
3,3,-9,74.05643839117937,0.21779837902555443
1,9,5,74.07261590201416,0.9446069012117958
4,4,7,74.10229945390343,0.519019285595826
5,1,6,74.25287423630566,0.06638143051797217
1,10,2,74.38652469599648,0.001768201334285768
4,2,8,74.42835176445341,0.019382760081768757
6,0,0,74.43503434177249,0.38280916712209273
2,9,4,74.46475822616252,0.11810043219930101
2,5,-9,74.47719731480115,0.03779590592253542
3,7,-6,74.47868854705492,0.041158419971133835
5,5,3,74.50584353360628,0.03419964934812275
3,5,-8,74.52699710060087,0.07268476790987831
2,-8,-6,74.54911524446076,0.012537972704834052
2,3,10,74.6096171087355,0.03285362905412546
1,7,8,74.6395749887502,0.002061304959855483
6,0,1,74.73556031037842,0.2862609100891132
6,1,0,74.78352528531565,0.03510796710551722
3,9,0,74.81477281988725,0.79658139882494
1,1,11,75.03527364002974,0.14874627662059348
6,1,1,75.08265639643287,0.005654300422714674
3,9,1,75.11377949175969,0.09116367775470428
1,6,9,75.21404705751861,0.030083583646804937
5,2,6,75.29603762661357,0.031777379149461125
1,8,7,75.35676042930592,0.1998364003741435
5,6,0,75.62848978176503,0.018327545967290436
6,0,2,75.62997347111978,0.010927847154089556
4,7,4,75.68233742249757,0.14887614500156918
6,2,0,75.81938804827712,0.0026895069884196603
1,10,3,75.87821323393747,0.0009724814003841809
5,6,1,75.92429192370447,0.06648405254094217
6,1,2,75.97298338146841,0.41476986675846994
3,9,2,76.00374189388818,0.0049953091825545165
1,2,-11,76.06770826145562,0.08682821720336989
4,8,0,76.0957406704604,0.0005397304988559589
6,2,1,76.11444830950681,0.0068381245642034705
4,3,8,76.15501381764818,0.007336143840883608
5,4,5,76.16024599508985,0.1756830199865588
2,10,0,76.26107155481361,0.26508197462799227
3,8,5,76.38042147938951,0.013836609009974202
4,8,1,76.38973350936183,0.037307965893574296
3,4,9,76.47460548219067,0.23420101370374508
2,10,1,76.55442947428814,0.07470259431455671
5,5,4,76.58281910958704,0.04085870153018346
0,3,11,76.76195659723409,0.005298823053042999
5,6,2,76.804863234381,0.0018916204947404325
0,10,4,76.92467655430957,0.18011091930092374
3,1,-10,76.9422422700274,0.00625795176357235
6,2,2,76.9928448220785,0.15376905445709435
5,3,6,77.00324581120836,0.3212256886837315
2,4,-10,77.01041605901293,0.10525553992999309
1,5,10,77.05129137923574,0.006076431762582266
6,0,3,77.09760744970671,0.005688159924751789
4,6,6,77.12581818261772,0.12901772530912653
2,9,5,77.12630520574065,0.2596825165442801
4,5,7,77.1956127905163,0.02545936116193831
4,8,2,77.26500047218917,0.0024358197053021267
1,9,6,77.3296737253317,0.0981260818948973
2,10,2,77.42783468798434,0.07494361664419061
6,1,3,77.4341164546201,0.15219048067361873
3,9,3,77.46429480153783,0.011805524274083948
6,3,0,77.51507071020575,0.020955313304781013
2,7,8,77.67097709326825,0.005052168684716613
2,0,11,77.71747230653662,0.039968221650651205
1,3,-11,77.75797594679851,0.18276566800430752
6,3,1,77.80370058457089,0.01707212541830879
1,10,4,77.91861591232475,0.17346326692812114
3,2,10,77.94942331701611,0.039718366834015584
2,1,11,78.05130888304103,0.19837240102743392
4,0,9,78.06201455503131,0.8663089399159024
5,1,7,78.07864380957368,0.0719546516509921
2,6,-9,78.22318967475285,0.3733435322668445
5,6,3,78.25046455886866,0.001361615931790254
3,-6,-8,78.27060610380825,0.001182144330834475
3,7,-7,78.29342459286643,0.0565937693016153
4,7,5,78.30250912161752,0.0017094929302579362
2,-8,-7,78.36042285823594,0.010453819234952554
4,1,9,78.39438393806354,0.0027343915667121
6,2,3,78.43498161549762,0.1819732367818909
4,4,8,78.50856861538327,0.029702146803034443
0,7,9,78.60830203206974,0.18001470698010205
6,3,2,78.66323624787904,0.002220440645017335
4,8,3,78.7021504483466,0.005522962763678918
0,8,8,78.72217642680448,0.01860821699869088
2,10,3,78.86201729411073,0.05399491190823115
2,2,-11,79.04435949687783,0.09935096391544972
5,2,7,79.07135112705524,1.2978202471933533
6,0,4,79.10656443422744,0.15580055816187754
5,5,5,79.17319571534263,0.04559050334452345
5,4,-6,79.33163985404269,0.008678764037426718
4,2,9,79.38314293944462,0.032432939776533456
6,1,4,79.43456334131366,0.00962350662286996
3,9,4,79.46398197433267,0.1881810211510594
3,5,-9,79.47563861589319,0.015329441551997804
3,-8,-6,79.54303739025887,0.13625559088165948
1,7,9,79.58121632063906,0.3295135203444213
3,3,10,79.59974358406154,1.857711160328537
0,11,1,79.60520680656042,0.34515098419518553
1,8,8,79.69370052946579,1.2799741933366189
0,6,10,79.71832376264052,0.8364263065451932
6,4,0,79.82853752686665,0.029190490730721278
5,7,0,79.97303034756318,0.4712512531108291
2,5,-10,79.99134972814014,0.06930630960892767#
8,Al2O_Fm-3m,cubic,4.98,4.98,4.98,90.0,90.0,90.0
1,1,1,21.85300438836407,3.9384039378136437
2,0,0,25.23367593244814,9.782815093170404
2,2,0,35.685806732195715,22.083637353156337
3,1,1,41.84531757467596,0.9498861340985311
2,2,2,43.70600877672814,2.7243447534242553
4,0,0,50.46735186489628,3.1798350844073466
3,1,-3,54.99552168179796,0.2889240879015644
2,0,-4,56.424214707154434,3.8144604773654742
2,2,-4,61.80963036924646,7.156363024636294
3,3,-3,65.55901316509221,0.24748746572341984
4,4,0,71.37161346439143,3.447973227761642
5,3,1,74.6422200186219,0.44101752257889876
6,0,0,75.70102779734442,4.603080110027511
6,2,0,79.79588968510926,14.520682958217288#
9,Li2O_Fm-3m,cubic,4.61,4.61,4.61,90.0,90.0,90.0
1,1,1,23.6069331570614,5.808597271238335
2,0,0,27.258938425941803,0.43086274953647297
2,2,0,38.54996041786001,3.065521921205472
3,1,1,45.20383547112499,0.9632800525835838
2,2,2,47.2138663141228,0.013249359136062172
4,0,0,54.51787685188361,0.3228689400470295
3,3,1,59.409478953439,0.28336917036907494
4,2,0,60.95283931488699,0.00908298480973166
2,2,-4,66.77049007350267,0.7051672901342285
5,1,1,70.8207994711842,0.2899902588793802
4,4,0,77.09992083572001,0.4438033476416215#
10,Al2O3_Pbcn,orthohombic,6.393,4.362,4.543,90.0,90.0,90.0
1,1,0,17.43788564916009,0.19477850741881012
2,0,0,19.65645333076673,0.8732565734434886
1,-1,-1,22.25672765651073,1.7201751338463982
0,0,2,27.66095226581372,2.0959290085240245
2,1,1,28.02042191214379,8.510822609964174
0,2,0,28.808735933881643,2.031052588427354
1,0,2,29.355107215572858,0.5934845637229006
0,2,1,31.956616469379696,1.8144594922199198
1,1,-2,32.6987482354418,0.7544217424902923
3,1,0,32.81512107249347,2.419337201589841
1,2,1,33.4338058790378,1.7324916425315795
2,0,2,33.933824390955934,0.13443191065991628
2,2,0,34.87577129832018,0.029597311142499905
3,1,1,35.61059169777035,1.5314925612159405
2,1,-2,36.86448500010906,1.1749071052176436
2,-2,1,37.518015588722704,0.005030586156209283
4,0,0,39.31290666153346,2.0119835891612805
0,2,2,39.93834681555746,4.025554018498509
3,0,2,40.428636320397935,0.06277124471101111
1,2,2,41.12986245717217,0.3643518816933886
3,1,2,42.91806672316484,0.2612991210353977
3,2,1,43.480704808528614,0.15377542250920936
4,1,1,44.09390566471039,0.7367445816496001
1,3,0,44.31666039007712,0.09180281840346088
2,-2,-2,44.51345531302146,0.44622578655447703
1,1,3,45.006871547346414,1.4060343943176667
1,3,1,46.424653560283424,0.09622790535376967
4,0,2,48.069043161166285,2.139971752194554
2,1,-3,48.11860975379274,3.483724410305903
4,2,0,48.7385668263498,1.9284999220854844
2,3,1,49.44725044277785,4.246996287557842
3,2,2,49.64290383161648,0.25644668639161966
4,1,2,50.180860165576064,0.09858525224188937
0,2,-3,50.51219552419276,0.03625067258904016
4,2,1,50.662905230054385,0.026403420074662443
5,1,0,51.20875707514141,0.02925413884203807
1,2,3,51.459459150484975,0.06862464242262112
1,3,2,52.240737632436385,0.13370412430009415
3,3,0,52.313656947480276,0.001329365525808707
3,1,-3,52.899629503131315,0.42630214720407256
5,1,1,53.043556359314294,0.10472214925868696
3,-3,1,54.11100417920145,0.16765135491286273
2,2,-3,54.20201153295779,0.10807281975582594
2,-3,-2,54.944306224935744,0.18073829828933521
0,0,4,55.32190453162744,0.16083847827508477
4,2,2,56.04084382428758,1.0399960136123427
1,0,4,56.18814074511323,0.1438693970210937
5,0,2,56.39130486968217,0.06543832869863439
0,4,0,57.617471867763285,0.20030362872815302
1,1,-4,58.00511164474803,0.2770290073858227
5,1,-2,58.20193365716015,0.09923758985023089
5,2,1,58.618054563631205,0.1946712426197942
2,0,4,58.710214431145715,0.16354016392803855
4,1,-3,58.945136162974705,0.02919882521352839
6,0,0,58.9693599923002,0.0073328581879475736
3,3,2,59.17640563155451,0.007754017334964793
0,4,1,59.25415710728995,0.05715764461461179
4,-3,1,60.03464873708037,0.027040706261173875
1,4,1,60.06370929173083,0.014519209057326113
2,1,4,60.45142756857064,0.0072672028584402585
1,3,3,60.70836036902649,0.011836684675957696
2,4,0,60.87815061232646,0.09320145041425429
6,1,1,62.25876086537084,0.9663193428870087
0,2,4,62.37352312571916,0.29880612284479385
2,4,1,62.429410473269805,0.045386215444390955
3,0,-4,62.68859127051647,0.21241099630142168
2,-3,-3,63.04987816684537,0.6604176514891452
1,2,4,63.14309484417735,0.2736380876253387
5,2,2,63.32394911100826,0.04629718280081738
0,4,2,63.91323293875939,0.49559041374063395
4,2,-3,64.00770677701804,0.13084861575116402
3,1,-4,64.32219906073567,0.016464740398428105
4,3,2,64.63749112684793,0.02614391714230386
1,-4,2,64.6644831733021,0.4196882632994055
6,0,2,65.13458143070484,0.22273498663292762
2,2,-4,65.3974964708836,0.006758405908203933
5,3,0,65.43869905031039,0.052787521607030305
6,2,0,65.63024214498694,0.25080469442538156
5,1,3,65.90808320492262,0.22342895934560578
3,4,1,66.18460160015148,0.03342936744410844
6,1,2,66.7083166830055,0.043692178726106916
3,3,3,66.7701829695322,0.05520977101209624
2,4,2,66.8676117580756,0.004536687745904737
5,3,1,66.8842687293507,0.00034411446880547195
6,2,1,67.07168369791029,0.15984649392610453
4,0,4,67.86764878191187,0.03919816106833378
3,2,4,68.99132366892229,0.42078252842841707
4,1,4,69.37941746448996,0.00023846363469089179
4,4,0,69.75154259664036,0.22754250375288343
7,1,0,70.28935727724725,0.003163079658774367
3,4,2,70.38641700754125,0.22815454629872
5,2,3,70.47221354071472,0.06482908136231198
1,3,4,70.88356303922603,0.014972975500594878
0,4,3,71.00219500127197,0.0007893218121858717
4,4,1,71.10949138247187,0.018879365260807548
6,2,2,71.2211833955407,0.06891866224527002
1,1,5,71.31712001676624,0.28193417153253614
7,1,1,71.63711200565959,0.04156964181470912
4,-3,-3,71.65483660917717,0.1857425379313985
1,-4,3,71.6791862006315,0.031070674193640034
1,-5,0,72.68933520511743,0.12429206024342883
2,3,4,72.89898234745385,0.0244991053998214
2,1,5,73.3206227854367,1.106062190293381
6,1,3,73.52829295580499,1.2530430092089127
2,4,3,73.67284338576367,0.05210649861071735
4,2,-4,73.72897000021813,1.3591910030522818
1,-5,1,73.99338837102157,0.03897801294025575
5,0,4,73.99570329188253,0.04197422387140361
7,0,2,74.15009244885069,0.1790955663182322
6,3,1,74.40456865480559,1.721412970446552
0,2,5,74.91324994739435,0.034406002474674416
4,-4,2,75.03603117744541,1.5427057585935124
5,1,-4,75.38467962515557,0.04690123992917459
7,1,2,75.536229894668,0.06554600592256607
1,2,-5,75.55520536049738,0.08348334959281128
2,5,1,75.92630401108227,2.207725709737437
3,3,4,76.13955492531561,0.334176833019545
3,1,-5,76.54334669045417,0.2040886988563586
3,4,-3,76.8808041677116,0.04795418222107217
5,4,1,76.97990724305411,0.003266098959645735
2,2,5,77.44915219177929,0.06247980546334821
5,3,3,77.4839464919234,0.7821804692674122
6,2,3,77.6457810481405,0.05870450717967613
1,5,2,77.77446710080082,0.057986703409655206
3,-5,0,77.82346540505084,0.1984765424261219
6,3,2,78.16576006728519,0.07858605395771719
8,0,0,78.62581332306692,0.8158542723934866
3,5,1,79.04286076372775,0.05439822259528243
5,2,4,79.40596559307392,0.21852717246829056
7,2,2,79.54985528761965,0.2935821611217206
2,5,2,79.61563823126714,0.15638343936637072
0,4,4,79.87669363111492,2.380612572849287#
11,LiAlO2_R-3mH,trigonal,2.8003,2.8003,14.216,90.0,90.0,120.0
0,0,3,13.259394992641223,10.146709533449938
1,-1,-1,26.28293036475158,2.003462186017975
0,0,6,26.518789985282446,0.001548022485273957
1,0,-2,27.37510329506247,0.02132786896191077
1,0,4,31.365772552946613,12.882900830430431
1,0,-5,34.05324130555061,0.28507422218630246
0,0,9,39.778184977923665,0.010758950218746942
1,-1,-7,40.3541083195966,1.9263005156446307
1,0,-8,43.83461323605506,3.076140765043169
2,-1,0,44.87508700624637,3.335011643336074
2,-1,3,46.79300150010747,1.3738607055703058
1,0,10,51.232016745762124,0.15770656224776644
2,-2,1,52.005440699762964,0.2574615645422373
2,-1,-6,52.12503866762784,0.1625822202994793
2,-2,-2,52.56586072950316,0.05266797090102257
0,0,12,53.03757997056489,0.39507805110738115
2,0,-4,54.75020659012494,1.4798079591739308
1,0,-11,55.09034854524673,0.7907095649690159
2,-2,-5,56.332909362398816,0.09234699737905241
2,-1,9,59.96730304054112,0.05748576211556389
2,-2,7,60.35086985361452,0.4571639634573225
2,0,8,62.731545105893225,0.906424220642056
1,0,13,63.028629467473934,0.007005412990465087
0,0,15,66.29697496320611,0.20881512914124573
1,0,-14,67.08235833109,0.17445124094418357
2,0,-10,68.10648261110121,0.10060570793717916
3,-1,1,68.69016884674795,0.3089738076317287
3,-2,2,69.11543350114866,0.08521743902339371
2,-1,12,69.47487547993337,1.3914345113808666
3,-1,4,70.79094967211235,1.9547309475369332
2,-2,-11,71.05434495268356,0.5459197160776618
3,-2,5,72.02201129550897,0.15755721765356936
3,-1,7,75.20638886362049,0.9824573252585089
1,0,16,75.31347712328754,0.6342704356577209
3,-1,-8,77.1298916451391,2.406719747307611
2,0,-13,77.37171037508674,0.009881618034766561
3,-3,0,77.72593068889266,1.5103045818582845
3,-3,3,78.84879109425472,0.96439103128866
1,0,-17,79.4780611667554,0.002346742422347518
0,0,18,79.55636995584733,0.19102543502513217#
12,LiAlO2_P41212,tetragonal,5.15885,5.15885,6.27,90.0,90.0,90.0
1,0,1,15.772112864900008,5.63820926247607
1,1,0,17.224315256921084,0.892177113067001
1,1,1,19.92731949505619,1.4285628858365647
1,0,-2,23.452561113615516,4.44476682094917
2,0,0,24.358860238927615,4.7720075603964895
2,0,1,26.339610823393933,0.13311730417526546
1,1,-2,26.426523434284217,0.02200615629506362
2,1,0,27.234033674329456,0.00409246027088663
2,1,1,29.01919393027231,0.5476572574205685
2,0,2,31.544225729800015,0.007614298820260835
1,0,-3,32.436518828768925,0.09913200355965031
1,-2,-2,33.81385359475431,1.0341568489347284
2,2,0,34.44863051384217,0.4655567051231503
1,1,-3,34.647745550958774,0.523730827504515
2,2,1,35.87658248032356,0.0006431297045637501
3,0,1,37.88756641039857,0.12237938919974972
1,-3,0,38.51473978036229,0.5820702586125621
2,0,3,38.69293614904131,0.26723504311333535
1,-3,1,39.79706278781468,0.531257549701122
2,2,2,39.85463899011238,0.09392031385040571
0,0,4,40.084116792214274,0.7358374593982728
2,1,3,40.56453901955118,0.0443824228487889
3,0,2,41.67410187475056,2.350139116167697
1,0,4,41.893614513989796,0.0029232162188808464
3,1,2,43.417384595366755,0.005374864128403387
1,1,4,43.62812688027849,0.06124681148064423
3,2,0,43.91355980165726,0.008151074251073578
3,2,1,45.04244399055152,0.26643222615248546
2,2,3,45.72195730689355,0.054734603814863884
2,0,-4,46.90512222723103,0.5641301703837852
3,0,3,47.31633859470002,0.014508284591465467
2,-3,2,48.27095233374515,0.9841059744964638
2,1,4,48.46059233218662,0.1029636808316586
4,0,0,48.71772047785523,0.0224711834123514
3,1,3,48.85871893575599,0.48731429439852103
4,0,1,49.737685056169205,0.07811811412753399
4,1,0,50.2170768423784,0.037481299813162956
4,1,1,51.207185362813874,0.2186043793478593
1,0,5,51.564175284212155,0.22385085081482733
3,3,0,51.67294577076325,0.39007984657963946
3,3,1,52.63567564700278,0.0320151293264051
4,0,2,52.679221646787866,0.004048035515387826
2,2,-4,52.853046868568434,0.11790288838661912
1,1,-5,52.98304153949505,0.0160489512775454
3,2,3,53.21832363150784,0.060954453241950354
4,1,2,54.06883493609147,0.005216614207812401
3,0,-4,54.238206840989804,0.0010114312189477782
4,2,0,54.46806734865891,0.02026720213965792
4,2,1,55.382229883657494,0.08337605529301208
3,-3,2,55.42361797448095,0.0012021411861314311
3,1,-4,55.588862188039926,0.22164486481021559
2,0,-5,55.712473709625044,0.005889317804309838
2,1,-5,57.02822323096314,0.11730138919940777
4,0,3,57.2468822229876,0.10874267089922028
4,2,2,58.03838786054462,0.07562474335702048
4,1,3,58.52814743597747,0.09227503785958764
3,2,4,59.45701937925918,0.005103712498598822
3,-3,3,59.78195848516856,0.03466514289829379
1,0,-6,61.34733458604064,0.07643691334377124
5,0,1,61.71615653182557,0.15660079870505347
3,0,-5,62.01267867960691,0.01647139668097494
5,1,0,62.10315184358565,0.051164903735880646
4,2,3,62.213821586462785,0.07415305709888889
1,1,6,62.54465587759293,0.03658603657715748
5,1,1,62.90645829400745,0.014268147914380814
4,0,4,63.08845145960003,0.017856102839198716
3,1,5,63.1973957933005,0.034621844873473875
5,0,2,64.1104286027283,0.2541263563564862
4,1,4,64.25333629941103,0.06807555416166372
2,0,-6,64.87303765753785,0.0017869938808495148
5,1,2,65.25707297803378,0.061499307098875876
3,3,-4,65.39747505554105,0.3104553841703576
5,2,0,65.58823845029049,0.04336888131981822
2,1,6,66.00643554193202,0.05479075689488999
2,-5,1,66.34936359303234,0.011370681525640787
3,2,-5,66.62526839840707,0.12194319328144335
2,-4,-4,67.62770718950863,0.02062103239628661
5,0,3,67.9135640838171,0.06375458771600859
5,2,2,68.58207584905207,0.14455646185788754
4,4,0,68.89726102768434,0.0007623902846345948
5,1,3,68.99703402756987,0.04071107084921601
2,2,-6,69.29549110191755,0.034961553515555806
4,4,1,69.62222061457902,0.05152853881309359
4,0,5,69.88520546771318,0.011250844831965309
3,0,6,70.35768334084655,0.28749978251974195
4,1,5,70.93856822138005,0.09011302774200114
3,-5,0,71.01767113322342,0.19034908372343098
1,0,7,71.19669094318054,0.0035026346780661446
3,1,-6,71.40407637611271,0.00045822905485773516
5,3,1,71.7212007664046,0.016607495133202373
4,4,2,71.75316496064713,0.03553305207590518
3,3,-5,71.97651686025306,0.002591864237788206
2,-5,3,72.14988744763461,0.001449543775972633
1,1,-7,72.23093048890945,0.05179421854060166
5,0,4,72.90541385853611,0.009972080244943482
6,0,0,73.07658071678284,0.12595351470121596
6,0,1,73.76047502182128,0.019723005937893313
3,-5,2,73.7915558715199,0.0051256726101556625
5,1,4,73.91574857849531,0.09041410382778929
2,-4,-5,74.00875634277403,0.03769082237010826
6,1,0,74.08458117106002,0.0003773272913345682
2,0,7,74.25620752074182,0.075810518498774
3,2,-6,74.455071534654,0.24499962587195898
6,1,1,74.75925490184892,0.20258108779888773
4,4,3,75.17061801535922,0.054261066096577514
2,1,7,75.248407779822,0.005727495565190241
6,0,2,75.77513282079714,0.0016228745985900695
6,1,2,76.74769880618148,0.09644242102392517
5,2,4,76.86711547875358,0.10206028066251586
2,-6,0,77.02947956072458,0.13251938750914324
3,-5,3,77.11873215296562,0.033678800570132277
4,0,6,77.38587229808262,0.014850093680005895
2,-6,1,77.67857972172463,0.14422356534150668
5,4,0,77.98640419605836,0.04974377341942847
2,2,7,78.149462106294,0.06385739974581613
4,1,6,78.33844362361339,0.005522262165696088
5,4,1,78.62760498463139,0.053469170275484715
5,0,5,78.86056432450003,0.32795781878062863
6,0,3,79.01883247018179,0.04797307437331672
3,0,7,79.0928375109781,0.00023888089946725653
3,3,-6,79.27957030285265,0.0006786498194492617
2,-6,2,79.59412557562936,0.003830578533838136
4,4,4,79.70927798022475,0.0013588839247936494
5,1,5,79.79553323096168,0.010665218482188172
6,1,3,79.95195058899789,0.23622264280538247#
13,Fe2O3_Aba2,orthohombic,6.524,4.702,4.603,90.0,90.0,90.0
2,0,0,19.261757532739384,3.1641586912504023
1,1,1,21.39266044339471,7.579564276425985
0,2,0,26.725586164098623,9.750600607890364
2,1,1,27.127613206545035,36.57388062403378
0,0,2,27.30039238400863,10.274795248964656
1,2,0,28.407935187675474,0.12107082958216986
2,-2,0,32.94347065906538,0.013572955277740143
2,0,-2,33.41147598611708,0.09068790277775779
3,1,1,34.63634691110582,3.1935705507676073
0,2,2,38.204297927530305,7.204849610100377
4,0,0,38.52351506547877,4.034234892240404
3,2,0,39.3578631041785,0.6499481110638309
1,2,2,39.39952037713158,2.3870800214002705
2,2,2,42.78532088678942,0.844585867495908
4,1,1,42.99945706673566,1.7993084427343795
1,3,1,43.429941658672575,4.345907394697431
1,1,3,44.139197653424304,0.4074906917586911
2,3,1,46.52334156005172,3.5371047496501165
4,2,0,46.88622578982903,2.97871979438623
2,1,3,47.18612345727915,7.629623945111163
4,0,2,47.21623277349651,2.8238216481075744
3,2,2,47.899403048974335,1.1434095687692234
3,3,1,51.26587987127294,0.8510155171199479
5,1,1,51.80480422071527,0.3539876214995763
3,1,-3,51.868095935634095,0.04424357261367815
0,4,0,53.451172328197245,0.12128155573833627
4,2,2,54.25522641309007,1.3319003616587715
1,4,0,54.31189233557554,0.22271601394423252
0,0,4,54.60078476801726,0.48724893785001766
5,2,0,55.07361075077087,0.03615645342283696
2,4,0,56.81587037535095,0.095210802857746
4,3,1,57.24916785127416,0.13706948335607944
6,0,0,57.78527259821815,0.029584818053532164
4,1,-3,57.78906606509328,0.14956096122954712
2,0,-4,57.89871328909985,0.13545361680595797
1,3,-3,58.110091043788394,0.2015561149228345
0,4,2,60.019490564144874,0.24090701347332058
2,-3,-3,60.456961208407655,0.6761967342483057
3,4,0,60.760285183425815,0.3884694955883491
1,4,2,60.787277232920914,0.5976855924844486
0,2,4,60.79064609870507,0.4132439020209119
6,1,1,60.86074124001659,0.8402789206426223
5,2,2,61.46880530357053,0.2263855887078962
1,2,4,61.54881378962975,0.4771984749801047
2,4,2,63.034550453140525,0.02126739910604827
6,2,0,63.66627588500086,0.20468536493916878
2,2,-4,63.769255573105504,0.028668665639147876
6,0,2,63.909695301818,0.41941955690860755
5,3,1,64.12684033987608,0.6394149130943863
3,3,-3,64.17798133018411,0.10571097150215275
5,1,3,64.60929181618006,0.04393965926585045
4,-4,0,65.88694131813077,0.01788077836757035
3,4,2,66.61173830408624,0.7491912236928399
4,0,-4,66.82295197223416,0.20805540851569557
3,2,-4,67.3074073591503,0.37184535728876295
1,5,1,68.87080408804839,0.6186083776304679
4,-3,-3,69.05135819305103,0.12258958973570322
6,2,2,69.27269382221164,0.17702086183470622
7,1,1,70.07017596557677,0.024209818742414846
1,1,-5,70.21050111465809,0.05772993758832947
2,-5,1,70.86218408412117,0.38794767063330504
4,-4,2,71.31900490458096,0.59351364315022
6,3,1,71.64177367928278,0.4802500700605604
5,4,0,71.94354361978151,0.0034334860296991515
4,2,-4,71.96918692119687,0.745876060734872
6,1,3,72.07393893028137,1.131034012718496
2,1,5,72.16492184024685,1.238665877207075
7,2,0,72.52030350617459,0.14920286656285786
3,5,1,74.0622593649048,0.26963546578980285
5,3,3,74.85235133659884,0.5385331958897628
3,1,5,75.30966122132996,0.05545770765432682
0,4,4,76.40859585506061,0.5073502099933805
5,4,2,76.94923581746761,0.18343862107248574
1,4,4,77.013163461544,0.6361135991968876
8,0,0,77.04703013095754,0.34660483271945436
7,2,2,77.48874656973433,0.293746850558289
5,2,4,77.55222948704164,0.36233347386992415
4,-5,1,78.32301732518992,0.04057155963069931
6,4,0,78.715726208357,0.11407454598317003
2,4,4,78.79904075426316,0.045880554228661455
1,5,3,78.95448375093093,0.9916600552542055
8,1,1,79.37970110194767,1.2943721601995377
6,0,4,79.50083915616065,0.4701894195882337
4,1,-5,79.50359648442995,0.23195855378121347
7,3,1,79.61371409170792,0.5777211560070324
1,3,-5,79.73724586666336,0.6370127191361129#
14,LiFeO2_R-3mH,trigonal,2.95362,2.95362,14.5212,90.0,90.0,120.0
0,0,3,12.980715038384403,26.578733897559466
1,-1,-1,24.941928078071136,11.200312235548218
0,0,6,25.961430076768806,0.9839658600964458
1,-1,2,26.043542332427045,2.6724452995921064
1,-1,-4,30.048816633902653,22.7741986592417
1,0,-5,32.73271061194969,3.7136250400890662
0,0,9,38.94214511515321,0.5346934633188645
1,-1,-7,38.99693464568227,3.8012224706638733
1,0,-8,42.445170710056594,5.523056965264445
2,-1,0,42.545657919296225,5.725390378548875
2,-1,3,44.481816180249574,3.749424112434047
2,-2,1,49.31767212711328,1.0280617659191715
1,-1,-10,49.755284827210076,0.5582415967237322
2,-1,-6,49.841035898311034,1.0093015347407657
2,-2,-2,49.88385615614227,0.47871240698488365
0,0,12,51.92286015353761,0.7325266163387554
2,-2,4,52.08708466485409,2.365477222402287
1,0,-11,53.56073762581623,1.2131670663976692
2,-2,-5,53.680195154185284,0.6171657491907834
2,-1,-9,57.676890293733976,0.80766728490842
2,-2,7,57.71389710932184,0.8144863984809162
2,-2,-8,60.09763326780531,1.3629433463738094
1,0,13,61.37926156715693,0.2879707086143666
0,0,15,64.90357519192202,0.2631934253684586
2,-3,-1,65.13344603061641,0.9021850082592409
1,0,-14,65.36750445942299,0.29531268218777157
2,0,-10,65.46542122389938,0.263152054070868
2,-3,2,65.56319175263256,0.4644067929832452
2,-1,12,67.12761290489627,2.0887636182859746
2,-3,-4,67.25472025567761,2.2658548928938327
2,-2,-11,68.40238024226421,0.681138911921929
2,-3,5,68.49595870981871,0.738144951755929
3,-2,-7,71.70095485648125,1.2412030047025755
1,0,16,73.45908424856391,1.0350121658813867
2,-3,8,73.63327055195492,2.357079753568845
3,-3,0,73.69124115766623,1.2312978862199104
2,-2,13,74.6829750231955,0.30370549644492967
3,-3,3,74.82578423421342,1.2055719170109713
1,0,-17,77.55041321166073,0.3241236688470853
2,-1,15,77.6054578008483,2.2025167218499817
0,0,18,77.88429023030642,0.1580773262732159
2,-2,-14,77.99386929136455,0.4197265072829236
3,-2,-10,78.0759526602676,0.7590076200061973
3,-3,6,78.13062699728113,0.7063598595639732#
15,AlFeO3_Pna21,orthohombic,4.9839,8.5544,9.2413,90.0,90.0,90.0
0,1,1,10.008767716824467,2.8871317147830102
0,0,2,13.598055051084991,0.32556942682507173
1,1,0,14.590552542014056,0.017245377838725203
0,2,0,14.689949750256213,0.07751381396804732
1,1,1,16.096925134147742,2.6086289105236578
1,2,0,19.35794904503218,0.7549450515535302
1,1,2,19.94470668256645,2.42407607361976
0,2,2,20.017535433648934,3.737151258217308
1,2,1,20.517235840218508,0.5704209436992691
0,1,3,21.679244303112224,2.8668677603701647
0,3,1,23.060023385492322,0.5914755575353415
1,2,2,23.656654294350258,10.237861373679769
1,1,3,25.078381150286265,2.9988339164582785
2,0,0,25.2139300835875,1.0487227904723002
1,3,0,25.386482048747474,0.7241024781775434
2,0,1,26.11453705416053,0.9033444452385222
2,1,0,26.26196729447933,0.675393050548108
1,-3,1,26.281176649923083,1.658677184168272
2,1,1,27.127803108054778,0.2881697294177521
0,0,4,27.196110102169982,0.2225234786551022
1,2,-3,28.12065377738972,1.0730476109213425
2,0,2,28.646978399691246,1.6134438451460207
1,3,2,28.79896824512496,3.481952381508928
2,2,0,29.18110508402811,0.012152114629710236
0,4,0,29.379899500512426,0.20952325558662505
2,1,2,29.573603557034435,1.278147940465126
2,2,1,29.962704637902362,0.2759339396306317
0,3,3,30.026303150473403,0.09362951976080715
1,1,-4,30.862803310305836,0.0918040290601988
0,2,-4,30.90991796097823,0.2152852064121398
1,4,0,31.970518641792786,0.8564964734150025
2,2,2,32.193850268295485,0.5630680176770703
0,4,2,32.374150117532785,1.2434336030127542
2,0,3,32.43120793152484,1.0008378458779115
1,3,3,32.56554081309166,1.8095840975747075
1,4,1,32.685483590094,0.15573761504342176
2,1,3,33.25254732819822,0.650822494967628
1,2,-4,33.382010064096114,0.031116022246901593
2,3,0,33.48552184909781,0.3348007710099927
2,3,1,34.16880081008831,0.13345643309032862
1,4,2,34.742210111009896,0.1530666778489571
0,1,5,34.77956351427338,0.6525940288497728
2,2,3,35.60305986236087,0.6343031457150018
2,3,2,36.14121296634557,0.026696310136175787
1,1,5,36.993967154231854,0.06559637127538971
2,0,4,37.085990278667104,1.4118057742714356
1,-3,-4,37.203519665493076,1.1553393402155647
0,5,1,37.34893804647815,0.40143103325740553
2,1,4,37.80633982370753,0.13372997202819864
1,4,-3,37.92301464629335,0.047313309609131785
3,1,0,38.52750658946606,0.005203246759760123
2,4,0,38.71589809006436,0.1470552120249061
1,5,0,38.82849424677177,0.01804655031912711
1,2,5,39.120321746595785,0.01260269154870982
3,1,1,39.12282632037766,0.012552198771872651
2,3,3,39.2086871897564,0.014392010755247977
2,4,1,39.30836476137533,0.02857770651904665
1,-5,1,39.419268648272414,0.04723339088270651
2,2,4,39.8894133651329,0.030721015245039573
0,4,4,40.03507086729787,0.0737587573589044
0,3,5,40.511816616556224,0.23007300304048836
3,2,0,40.57357183869988,0.005918223879235736
0,0,6,40.79416515325498,0.2049098059149181
3,1,2,40.856772574123966,1.1596261931745286
2,4,2,41.034471680437015,0.3673106706008805
3,2,1,41.139293954116724,0.2202450428819905
1,5,2,41.14072272875048,0.030222866672933158
1,4,-4,41.97311600196692,0.3010613982854676
0,5,3,42.00901540793761,1.5209144474787275
2,0,5,42.32507120593126,1.822412592331002
1,3,-5,42.42809037817387,3.901282198835552
3,2,2,42.791609375232404,0.14381725509697812
2,1,5,42.95765715799006,0.11299843168162108
2,3,4,43.1382495958721,0.13481890262332466
1,1,6,43.32491354904607,0.044806645976253626
0,2,6,43.35848860622445,0.07724547749784702
3,1,3,43.59368924097972,0.0450248059774723
2,4,3,43.76027585102737,0.3496627360358545
3,3,0,43.77165762604217,3.2095914504050715
1,-5,-3,43.85992411198803,0.031310320139270924
0,6,0,44.069849250768634,1.1479592641628775
3,3,1,44.29655501982677,0.12938390755968981
2,-5,0,44.54726330726296,0.0010722992495137843
2,2,5,44.801855723309096,0.057434955145092136
2,5,1,45.06312731557478,0.2291328615243149
1,2,6,45.15411500385214,0.489785372681969
3,2,3,45.41206568069658,1.264160197670861
3,3,2,45.83519512889406,0.007240880690235029
1,6,0,45.83761752698849,0.3592706526714185
0,6,2,46.120046770984644,0.01458879717142336
1,6,1,46.33911906633063,0.06864235382612537
2,5,2,46.57645080229875,1.2674569548953147
1,4,5,46.66672738206883,0.06321320490113105
3,1,4,47.159274471631804,0.041646586299417906
2,4,4,47.313308588700515,0.030551213353886778
1,-5,-4,47.40548881892202,0.0038070408823747577
2,3,5,47.71739259257068,0.08876784930689322
1,6,2,47.812072552053436,0.009966533052196948
3,4,0,47.89152955111475,0.005183547883568562
2,0,6,47.95733709049202,0.06798518142338814
1,3,6,48.048281773258246,0.1783821707528054
0,1,7,48.15662618246221,0.19127870299117308
3,3,3,48.29077540244323,0.010937861608397558
3,4,1,48.37174152372832,0.10516743329202895
2,1,-6,48.5165418875598,0.06167047024689652
3,2,4,48.84509326881762,0.009592865030497395
2,-5,3,48.99489407891784,0.5142700780460979
1,1,7,49.77947581928133,0.565698395333966
3,4,2,49.78459303758178,0.022399993397434696
0,5,5,50.043838584122334,0.03639917241216248
2,2,6,50.15676230057253,0.034409864698635204
1,6,3,50.17098920878722,0.008429300390428576
0,4,-6,50.272680505531554,0.02292429550673533
4,0,0,50.427860167175,0.012912972067470883
2,6,0,50.77296409749495,0.10646129435124016
4,0,1,50.88414150138764,0.21896334372551307
4,1,0,50.959962097282,0.11432929260938554
2,6,1,51.22617161704157,0.048314224961187514
1,2,-7,51.37939451366864,0.18440899556760593
3,1,5,51.38130152427499,0.006703702229384205
4,1,1,51.41152120147295,0.0030453088344025085
2,4,5,51.522714866817346,0.07420854443791235
3,3,4,51.53238220789728,0.1759220729549548
1,5,5,51.60737687384141,0.011979198832507898
0,6,4,51.78590558901935,0.018166106037635264
1,4,-6,51.82931576604366,0.03957385931394726
0,7,1,51.86242295911345,0.05792209560761144
3,4,3,52.05419848948842,0.03346856163625932
2,5,4,52.19278755590632,0.03245171018913509
4,0,2,52.22907410832106,0.1044184895096057
0,3,-7,52.44663852533839,0.0012781075284474112
4,2,0,52.52393458895866,0.005705555111050359
2,-6,2,52.562353299846166,0.1660239546932589
3,-5,0,52.717516121225444,0.0032529840835954834
4,1,2,52.74300748088562,0.30582981583691865
2,3,-6,52.77730652522398,0.030620829356365807
3,2,5,52.9328264319718,0.09873692934389253
1,7,0,52.93788537013831,0.0648625333235249
4,2,1,52.96216083203453,0.0771748694155372
3,-5,1,53.154146416669604,0.0020461957658309718
1,6,4,53.29836381390929,0.2229637762683635
1,7,1,53.37271290420779,0.0926838280072793
2,0,7,53.85957908878587,0.0035886038781540396
1,3,7,53.940573413456775,0.005196839718308697
4,2,2,54.255606216109555,0.027110450183104245
2,1,7,54.358098895541254,0.15035195829925596
0,0,8,54.392220204339964,0.2236148819643213
4,0,3,54.396783532465555,0.10999491434380079
3,5,2,54.443030841091165,0.04231079603773349
1,7,2,54.65644343198925,0.033947478530481245
2,6,3,54.716860846390595,0.12252759154360628
4,1,3,54.890424616632174,0.00250960206224526
4,3,0,55.03187244030975,0.0643179977572767
3,4,4,55.07474019398231,0.005236648682944637
0,7,3,55.31297422426907,0.005026946070681457
3,3,5,55.42226442196825,0.03786673891940454
4,3,1,55.45028187105642,0.00792104014420775
2,2,-7,55.82695480935918,0.17032851238991473
2,-5,5,56.036845472365144,0.008733521039754388
3,1,-6,56.11178730491832,0.07830069345087606
2,4,-6,56.24130755477944,0.02523583632339536
1,1,8,56.315165295315275,0.02415594166449541
1,5,-6,56.31887672905623,0.004767607957157608
0,2,-8,56.3409996576424,0.04781402673682058
4,2,3,56.34540515732377,0.10682801919171611
3,5,3,56.525900997944525,0.003417690618376797
4,3,2,56.68698338647825,0.004019649909516855
1,7,3,56.731478784707036,0.07514558974237126
1,6,5,57.06799946447742,0.08235219753316239
2,7,0,57.26453012255433,0.07204568045963704
4,0,4,57.29395679938249,0.034450534051639566
1,4,-7,57.334335712436406,0.005518357497784723
3,2,6,57.53589003657788,0.015554976117393865
2,6,4,57.59793649024992,0.25862854327956364
2,7,1,57.666742455682524,0.03599968323265501
1,2,-8,57.734251618839494,0.2857764132201497
4,1,4,57.76284395392743,0.033224561007887954
3,-6,0,58.07384713509653,0.006480700773703846
2,3,7,58.192715719989806,0.0007977081507305366
4,4,0,58.36221016805622,0.000548071762338699
3,-6,1,58.47049252711699,0.1300573411801083
4,3,3,58.69027144190325,0.002692560061105015
3,4,5,58.73046896690346,0.2670716609681923
4,4,1,58.75690896391205,0.0341703186236085
2,7,2,58.85689009223364,0.006256181344022821
4,2,4,59.14720711406887,0.010192149769925626
3,5,4,59.31917827044654,0.020298293911912377
1,7,4,59.51510826799574,0.011837980691663738
3,-6,2,59.64460430116791,0.0019713040726955984
3,3,-6,59.83412004769935,0.14447616822579154
4,4,2,59.925409275804725,0.021111465675328466
2,0,8,59.95211329901097,0.02156909058153906
1,3,-8,60.02488725161244,0.012323373609138679
0,6,6,60.052606300946806,0.026666514482089027
1,8,0,60.097001141536595,0.00018965385957119948
0,5,7,60.115126110386896,0.3993047455732358
0,8,2,60.31269418466712,0.013181603572240111
2,1,8,60.400368748325626,0.07336654096872476
2,5,-6,60.40382917264153,0.21592736027678813
1,8,1,60.48037964083009,0.0513327785092543
2,-7,3,60.78871102264542,0.00796848740639165
4,0,5,60.816432511018505,0.641831708797722
2,6,5,61.10289081191351,0.49664397443969577
3,1,-7,61.23300379176651,0.003824306319176306
4,1,5,61.258363668021126,0.005529594459375516
2,4,-7,61.35171353989544,0.19435973504985046
1,6,6,61.361641854676,0.05369451156105996
4,3,4,61.38513980578586,0.061824712066138335
1,5,-7,61.42282926431123,0.03510968968753065
3,-6,3,61.55170752065551,0.027086655754170564
1,8,2,61.61620442203649,0.7288986713241113
0,1,9,61.63049127385007,0.026184865085129565
0,7,5,61.63727380590422,0.11648484085593946
2,2,-8,61.72560662061167,0.026467527470386193
0,4,-8,61.81983592195646,0.0503258190848684
4,4,3,61.82385100701933,0.12917236227453988
4,5,0,62.383375020487094,0.0040135149859882495
3,2,7,62.54060058163242,0.42106982954678757
4,2,5,62.56543044711129,0.004487710626517188
3,5,5,62.72803112101302,0.0007219590679570995
4,5,1,62.752786824489455,0.012180784198350988
1,1,9,62.90670093258045,0.00364068065219341
3,4,-6,62.91075037937745,0.002907049152746137
1,7,5,62.913345879781474,0.24429627645963548
1,4,8,63.09221569244996,0.023669254905266984
2,-7,4,63.39443835894663,0.08414976615166357
5,1,0,63.46130982765409,0.006317543347835402
1,8,3,63.46408845830539,0.11085782069332133
5,1,1,63.82448292257909,0.018126891706148826
3,-7,0,63.82714350479724,0.1229674498905456
4,5,2,63.84819950569532,0.722356681207457
2,3,-8,63.87326351662185,0.015512777327939362
2,8,0,63.94103728358557,0.0028900439272212535
3,6,4,64.12643858627978,0.005292752628792328
1,2,-9,64.18020715119192,0.015834486666985885
3,-7,1,64.18824676897684,0.012366721049676717
2,8,1,64.30150094822021,0.0061773807418292635
4,4,4,64.38770053659097,0.006341093922964649
3,3,7,64.66119393185218,0.0035202140483671
4,3,5,64.68520979801825,0.008884513392273686
5,2,0,64.72390449277836,0.0032305995930537183
0,8,4,64.74830023506557,0.0009045107239532001
4,0,6,64.86241586304968,0.04948460361265197
5,1,2,64.9018100380401,0.12195949027984013
0,3,9,65.03773290933667,0.03845253628607918
5,2,1,65.08003217641628,0.059583849893580836
2,6,6,65.13108162618332,0.023817416634259035
2,5,-7,65.18873106241413,0.35008502728905594
3,-7,2,65.25956902366363,0.10859140090254428
4,1,6,65.27696107745413,0.06381352717062204
2,8,2,65.370967180188,0.01036487190320929
4,5,3,65.63327248114705,0.02354506029262416
1,8,4,65.9642172006551,0.03830178059288374
1,6,7,66.07722126354606,0.0021122457210282597
5,2,2,66.13691037508958,0.14523712245296738
2,0,-9,66.18240754913562,0.1421399842993954
1,3,9,66.24833786255489,0.33615479326619147
0,9,1,66.4535018227813,0.05737158265944936
4,2,6,66.50509465639644,0.007519169070538285
2,1,9,66.5887357209622,0.048287717644830475
2,-7,5,66.59501327039469,0.03714277768219879
3,1,8,66.65495017445261,0.11229159088531479
3,5,-6,66.65808590518265,0.00605786254615982
5,1,3,66.65867402431034,0.10405059158135584
2,4,-8,66.76402012819223,0.02999546820637776
5,3,0,66.77519818294522,0.1623613093531117
1,5,-8,66.8293766559961,0.0038997605535197205
1,7,6,66.83250420276758,0.006541834289362416
4,6,0,66.97104369819561,0.0030572816500354406
3,-7,3,67.00705355124742,0.010635501334779213
2,8,3,67.11555130175599,0.01036155784861872
5,3,1,67.12044299365652,0.06192656062762717
3,6,5,67.29220685486301,0.26169620039626645
1,9,0,67.29618634649607,0.004379818324268443
4,6,1,67.31528406921203,0.0628760964767511
3,4,-7,67.51822414805086,0.017191162207619123
4,4,5,67.54122413776254,0.07607563020499841
1,9,1,67.63877195865851,0.0033206199466296682
2,2,9,67.79310947777022,0.014159882227325025
3,2,8,67.85814874064536,0.016200572541048355
5,2,3,67.86180656619786,0.22311026176622248
0,0,10,67.99027525542496,0.1925125679384327
4,5,4,68.05375730726472,0.03163066195090887
5,3,2,68.14568360170693,0.0655468906200502
4,6,2,68.33760162017661,0.07662483473226443
4,3,6,68.50307215620016,0.02160573976268594
1,9,2,68.65627282306157,0.07758610503312686
1,4,-9,69.03971944442608,0.05356473861133916
5,1,4,69.04322015760025,0.009913444105841643
1,8,5,69.0457741540564,0.0005181644654226042
0,9,3,69.18007015647697,0.01198614836601967
4,0,7,69.34032787924568,0.0011130951731081772
3,-7,4,69.37962707215522,0.1336613751410234
2,8,4,69.48442022201979,0.0017817821089402752
1,1,10,69.5382035487668,0.005613871591782227
5,4,0,69.54543611039801,0.03972026407061891
0,2,10,69.55912702854675,0.018179101954642642
2,6,-7,69.59170836103,0.017292218143294857
4,1,-7,69.7282562976987,0.001569161144008958
2,3,9,69.75420397543257,0.02412686451384682
3,3,-8,69.81741638079187,0.4048830136508219
5,3,3,69.82097156305812,0.07333759335415288
5,4,1,69.87699520642353,0.030940200454730546
3,-8,0,69.87942534627719,0.0006260862298471261
0,6,8,70.00475149404419,0.14281599076180534
4,6,3,70.00829716300339,0.07113824488829357
0,7,7,70.06137401777127,0.0055498845454122845
5,2,4,70.20549990905019,0.0031775368467737114
3,-8,1,70.20940721882654,0.13198538319920242
2,5,-8,70.30627487588875,0.28938318459241485
2,7,6,70.30924776093096,0.026358411198119238
1,9,3,70.31939756866582,0.0696549660731119
1,2,-10,70.69234555833123,0.06641288647016848
2,9,0,70.75014769933243,0.13524582108079147
5,4,2,70.86236508159878,0.0014247267116008462
4,2,7,70.87930370754462,0.18984481271052678
3,6,-6,70.96996288305075,0.00434588311939869
3,5,-7,71.02287304349781,0.0008421312051694695
4,5,5,71.0447384489087,0.0036938967331741892
2,9,1,71.07608722186694,0.04673062798664229
1,6,8,71.1308709303344,0.04193880473260281
1,7,7,71.18659773316213,0.14321628386377983
3,8,2,71.19017620359053,0.047577583616450425
4,4,6,71.20611972472175,0.0026769227747334046
0,5,-9,71.3658545569688,0.009881501791185406
0,8,6,71.53235554063548,0.008911628949209433
5,1,5,71.99310541550918,0.016316551127206556
4,7,0,72.0170342414699,0.079973793621953
2,9,2,72.0450588218907,0.003808029278855515
5,3,4,72.10100898781488,0.4838899526559377
4,6,4,72.28242593269114,0.017769575514950096
3,1,9,72.31001011437625,0.006308556746046546
3,7,5,72.31579101627177,0.021317571027180147
4,7,1,72.33726561206286,0.018357548320599288
2,4,9,72.41056251445707,0.0171572227998084
2,8,5,72.41633538938568,0.0032009426985611703
1,5,-9,72.47082698721903,0.009890164811912907
3,4,8,72.4714579783152,0.004409460758735621
5,4,3,72.47488296936541,0.03064978935434561
2,0,10,72.51496259096112,0.2530581897127868
1,3,10,72.57514037271874,0.2919334375154941
1,9,4,72.5837798786456,0.026768546339570907
1,8,6,72.63479508305159,0.30892659387695914
4,3,7,72.75726062495525,0.0033457219919447593
3,-8,3,72.79543299111344,0.7508216684289455
2,1,-10,72.88599629205018,0.08060787224645655
5,5,0,72.95276271007027,0.0022944300779038163
5,2,5,73.10850289205358,0.033646964270035995
5,5,1,73.26890447062044,0.005672384744702017
4,7,2,73.28956489234594,0.004123827479017314
3,2,9,73.42059336786912,0.015340266580766678
0,10,0,73.44974875128106,0.1473856316571546
2,9,3,73.63168052621856,0.01513159067955838
2,2,10,73.98793430846371,0.008636423961711555
0,4,10,74.06656481820026,0.044531501472530786
4,0,8,74.17198055733421,0.0007168212355815908
5,5,2,74.20924934402825,0.009225159156435585
0,9,5,74.33377772953845,0.21150522504858604
2,-6,-8,74.40703933098615,0.03142593623907784
2,-7,-7,74.46031425879207,0.0043285969645823225
1,10,0,74.52382947213141,0.028234075497079996
4,1,8,74.53476608746973,0.08941224939081219
4,5,-6,74.53757032193748,0.34305319920988747
5,4,4,74.67393178663357,0.06674292143216433
0,10,2,74.6978760929563,0.020566062513159344
1,10,1,74.83333438037094,0.018637158215860473
4,7,3,74.84981094548475,0.005903784802416006
5,3,5,74.93061106583025,0.513087843674096
3,-8,4,74.98508179241574,0.005301654787224806
3,6,-7,75.08451045609674,0.0023461447127046007
4,6,5,75.10519340466902,0.6784358711091771
1,4,-10,75.13182808592953,0.17419566267596745
0,1,11,75.14910822078656,0.07722959180964878
3,3,-9,75.23514345085879,0.06407812243689288
4,4,-7,75.30776563583271,0.33349104017006437
1,9,5,75.39526562795197,0.2728839088944173
5,1,6,75.44204236095779,0.04892308271481049
4,2,8,75.61267964741506,0.011124143779996125
6,0,0,75.6417902507625,0.42155907903661977
2,5,-9,75.68901813940026,0.01141509472292744
3,5,-8,75.74727800224292,0.010215775001581847
3,-7,-6,75.75003735004375,0.01807129796397302
5,5,3,75.75055488027517,0.023129560088785993
1,10,2,75.75426232472772,0.020507528917359186
2,3,10,75.78890224046563,0.06354262854770283
2,9,4,75.79717543659991,0.14163587016414142
2,8,-6,75.8460292925867,0.010946729357278893
1,7,8,75.90081242133917,0.009929862342605298
6,0,1,75.94673928243024,0.0832331567775928
6,1,0,75.99755975198553,0.011056962278175656
3,9,0,76.15944614624243,0.3111324935156113
1,1,11,76.19923906407793,0.0962482025583351
6,1,1,76.30108690935992,0.01645986443326868
1,6,9,76.45558174057881,0.04686575693175408
3,9,1,76.46233067723928,0.018634059612096587
5,2,6,76.50717432595022,0.05704611210357475
1,8,7,76.66003871357614,0.23145119499826813
6,0,2,76.85432670652114,0.005655526770841616
5,6,0,76.91255295535778,0.09812117456794517
4,7,4,76.98104718452718,0.12616001663072132
6,2,0,77.05501317893211,0.00700296785363449
6,1,2,77.20450886722193,0.10308016916513126
5,6,1,77.21248330033039,0.08448429649229171
1,2,-11,77.25393194972854,0.060048023988259785
1,10,3,77.26475352208848,0.0071379316209669395
6,2,1,77.35439115718309,0.0033535438524487367
3,9,2,77.36386972272483,0.079579063256792
4,3,8,77.37583991818073,0.025228882632201643
5,4,5,77.40954118267699,0.11029794079445614
4,8,0,77.43179618012871,0.0011660192284767084
2,10,0,77.65698849354354,0.21520794535063031
3,4,-9,77.70435896064738,0.14572509594505573
3,8,5,77.70973857280077,0.04525177286891482
4,8,1,77.72972298274374,0.0013664967586809345
5,5,4,77.85713834788157,0.0029526246420356634
2,-10,1,77.95405465515849,0.1710820401793425
0,3,-11,77.96779921037655,0.011271483204079415
5,6,2,78.10536411337607,0.014308054936842047
3,1,10,78.14759301034039,0.06268172762832921
2,4,10,78.24064349319157,0.03464092326496473
6,2,2,78.24565264075532,0.2150703544140733
5,3,6,78.25018212708935,0.06732610664316985
1,5,-10,78.29642070222647,0.007393478458395646
0,10,4,78.32301064384379,0.2982801986029071
6,0,3,78.34361116248158,0.014787741263760274
4,6,6,78.4173743795128,0.135629749683243
4,5,-7,78.46526281296632,0.05247487988200238
2,9,5,78.49364803475798,0.23451428909831873
4,8,2,78.61672952275066,0.0036465770978836875
6,1,3,78.68716582705449,0.1602396435656002
1,9,6,78.69523878439767,0.0876587476004503
6,3,0,78.78590188343799,0.010104680485336658
2,-10,2,78.83853729654483,0.0244184059305957
3,-9,3,78.84352994976925,0.007422388618106887
2,0,11,78.92516760022284,0.03754815980229705
2,-7,-8,78.97936457654203,0.03712838655512006
1,3,-11,78.98046138934998,0.050110051312142745
6,3,1,79.07872729678823,0.06513827240848966
3,2,10,79.17633649682581,0.029215599342613127
2,1,11,79.26620172961191,0.06172314376619591
4,0,9,79.29273535312046,0.47195961972747413
5,1,7,79.32496350079619,0.23327249955832738
1,10,4,79.33113867757525,0.08301728676393456
2,6,9,79.51265736966258,0.17958176883817364
3,-6,-8,79.56811760892656,0.005343105458540385
5,6,3,79.5712371384816,0.02352471081336963
3,7,-7,79.6179391678981,0.011644605490760612
4,1,9,79.63219534645685,0.03837716815519938
4,7,5,79.63744473088123,0.023627586420219875
6,2,3,79.70894575669134,0.053805519938497505
2,8,-7,79.70927322628165,0.020329175581362977
4,4,8,79.7788267302658,0.00774244868854637
0,7,9,79.92404480903565,0.1126958204825763
6,3,2,79.95076883156943,0.002191039670500377#
