xcenter,ycenter,dwell,Tpeak,power,Sample,x,y,Ta.nmol_offgrid,Ta.nmol_ongrid,Sn.nmol_offgrid,Sn.nmol_ongrid,Ta.nmol_relRatio,Sn.nmol_relRatio
-44,-10,2924,1212,37.9262153510233,10459,6.087,37.423,5.64,5.65,117,119,1,1.02
-44,-5,629,1062,42.5723409046418,12309,6.087,42.503,5.73,5.77,123,125,1.01,1.02
-44,0,1581,1062,37.9346427415324,13974,6.087,47.075,5.7,5.64,121,124,0.99,1.02
-44,5,2507,988,34.6788202595092,15824,6.087,52.155,5.65,5.75,113,114,1.02,1.01
-44,10,3410,1175,36.8395432624911,17674,6.087,57.235,5.43,5.54,98.7,99.3,1.02,1.01
-42,-15,2924,988,34.1054989177394,8614,8.119,32.343,6.06,6.02,101,101,0.992,0.994
-42,-10,2507,500,20.8230088457419,10463,8.119,37.423,6.19,6.13,113,113,0.99,1.01
-42,-5,2150,1288,40.1417367406136,12313,8.119,42.503,6.23,6.23,118,119,1,1.01
-42,0,1163,1175,41.1995629441779,13978,8.119,47.075,6.27,6.24,117,117,0.995,1
-42,5,539,1175,45.7300304517779,15828,8.119,52.155,6.26,6.26,108,108,0.999,0.999
-42,10,2924,1362,39.9225468420021,17678,8.119,57.235,6.06,6.03,94.5,95.9,0.996,1.01
-42,15,3410,725,27.1204633363394,19525,8.119,62.315,6.01,5.97,79.6,78.9,0.994,0.991
-40,-20,1163,688,30.1554687941369,6815,10.151,27.263,6.41,6.35,83.4,81.8,0.99,0.981
-40,-15,2150,1250,39.6187606580896,8618,10.151,32.343,6.55,6.55,95.3,95.6,1,1
-40,-10,1163,1025,38.6319101738923,10467,10.151,37.423,6.68,6.76,106,106,1.01,0.999
-40,-5,250,1025,48.8804827942138,12317,10.151,42.503,6.82,6.74,111,110,0.988,0.99
-40,0,3976,838,29.630806723872,13982,10.151,47.075,6.82,6.84,110,109,1,0.991
-40,5,1163,1362,44.1689025389069,15832,10.151,52.155,6.76,6.71,102,103,0.992,1.01
-40,10,250,1362,61.9747246769677,17682,10.151,57.235,6.78,6.55,90.4,90.4,0.966,1
-40,15,2150,688,27.6492544442535,19529,10.151,62.315,6.51,6.58,76.1,76.6,1.01,1.01
-40,20,3410,538,21.2579340853079,21325,10.151,67.395,6.52,6.45,62.5,61.9,0.988,0.991
-38,-20,2150,1025,35.9960621299336,6819,12.183,27.263,6.92,6.79,78.3,77.8,0.982,0.994
-38,-15,8575,1025,31.3324284492387,8622,12.183,32.343,7.04,7.15,89.9,90.5,1.01,1.01
-38,-10,10000,1025,30.8907814242754,10471,12.183,37.423,7.32,7.23,99.3,99.1,0.987,0.998
-38,-5,340,688,37.0276905980521,12321,12.183,42.503,7.33,7.44,104,103,1.02,0.992
-38,0,7354,1175,34.3993552357562,13986,12.183,47.075,7.45,7.37,103,103,0.989,1
-38,5,340,988,45.284948760954,15836,12.183,52.155,7.37,7.22,96,96,0.981,1
-38,10,855,1288,44.7437157083811,17686,12.183,57.235,7.44,7.38,86.3,86.7,0.993,1
-38,15,340,762,39.4607504583521,19533,12.183,62.315,6.98,7.14,73.9,73.7,1.02,0.998
-38,20,4637,612,22.7831019776189,21329,12.183,67.395,7,6.97,60.5,60.4,0.996,0.998
-36,-25,8575,1250,35.0675924895523,5108,14.215,22.183,7.23,7.15,62.9,62.5,0.988,0.992
-36,-20,2150,500,21.2856753383982,6823,14.215,27.263,7.43,7.29,74.7,74.6,0.981,0.999
-36,-15,1581,575,25.046255168268,8626,14.215,32.343,7.63,7.63,84.4,84.6,0.999,1
-36,-10,7354,1288,36.0207260615671,10475,14.215,37.423,7.89,7.84,92.1,91.4,0.994,0.993
-36,-5,340,538,31.046599271115,12325,14.215,42.503,7.89,7.89,96.3,96.4,0.999,1
-36,0,3410,988,33.5529577244617,13990,14.215,47.075,7.98,7.98,95.6,94.7,1,0.991
-36,5,3410,500,19.9592545398383,15840,14.215,52.155,8.02,8,89.8,90.4,0.997,1.01
-36,10,855,575,27.5886697319317,17690,14.215,57.235,7.96,7.9,81.5,81.8,0.992,1
-36,15,8575,1325,36.0658771948081,19537,14.215,62.315,7.64,7.56,70.3,70.1,0.99,0.997
-36,20,733,1025,40.9855940554519,21333,14.215,67.395,7.5,7.69,58.8,58.3,1.02,0.991
-36,25,292,1212,52.4702259093249,23038,14.215,72.475,7.4,7.33,48.2,48.2,0.99,1
-34,-25,340,800,40.5892244506963,5112,16.247,22.183,7.76,7.69,59.4,59.4,0.991,1
-34,-20,997,1025,39.3743662444478,6827,16.247,27.263,7.96,7.96,70.5,70.3,1,0.998
-34,-15,4637,688,25.0706968421863,8630,16.247,32.343,8.26,8.22,79.5,79.1,0.995,0.995
-34,-10,1844,1400,42.3460843546556,10479,16.247,37.423,8.47,8.55,85.4,85.1,1.01,0.996
-34,-5,6306,838,28.1558440851486,12329,16.247,42.503,8.55,8.58,89.1,88.7,1,0.996
-34,0,4637,1138,35.232949218008,13994,16.247,47.075,8.52,8.55,88.7,88.1,1,0.994
-34,5,462,688,35.0072771521108,15844,16.247,52.155,8.72,8.56,83.3,84,0.981,1.01
-34,10,629,612,30.5021055813528,17694,16.247,57.235,8.51,8.42,76.4,76,0.99,0.995
-34,15,396,762,38.3997733257495,19541,16.247,62.315,8.23,8.41,66.2,66.7,1.02,1.01
-34,20,462,725,36.2382529493833,21337,16.247,67.395,8.2,8.11,56.2,56.4,0.989,1
-34,25,462,1025,43.8266996266979,23042,16.247,72.475,7.91,8,46.4,46.9,1.01,1.01
-32,-30,1356,1362,43.3132252586362,3518,17.771,17.103,8.06,7.8,47.9,47.3,0.967,0.986
-32,-25,7354,612,21.551618617872,5115,17.771,22.183,8.37,8.27,56,56.8,0.988,1.02
-32,-20,1844,500,21.770994593871,6830,17.771,27.263,8.6,8.64,65.2,66.2,1.01,1.02
-32,-15,3976,1100,35.1087531860991,8633,17.771,32.343,8.99,8.92,73,73.4,0.992,1.01
-32,-10,340,575,32.655262016624,10482,17.771,37.423,9.26,9.03,78.1,80,0.975,1.02
-32,-5,5407,650,23.5028147445891,12332,17.771,42.503,9.21,9.22,81.4,82.3,1,1.01
-32,0,1163,725,31.3170081996228,13997,17.771,47.075,9.31,9.32,80.9,81.4,1,1.01
-32,5,733,688,32.3851962409506,15847,17.771,52.155,9.43,9.53,77,78.1,1.01,1.01
-32,10,3410,1062,34.968896975182,17697,17.771,57.235,9.33,9.27,70.6,71.2,0.993,1.01
-32,15,2150,1212,39.0789965988103,19544,17.771,62.315,8.96,9.04,62.2,62.8,1.01,1.01
-32,20,997,725,32.0346738057942,21340,17.771,67.395,8.89,8.93,53.4,53.4,1.01,1
-32,25,2924,688,26.5532016578959,23045,17.771,72.475,8.63,8.52,44.7,45.1,0.988,1.01
-32,30,7354,1212,34.9601219520801,24476,17.771,77.047,8.55,8.52,38,38.4,0.997,1.01
-30,-30,5407,1138,34.743312640363,3522,19.803,17.103,8.56,8.43,45.8,45.7,0.985,0.997
-30,-25,2924,538,21.7029992396665,5119,19.803,22.183,8.87,8.81,53.6,53.7,0.994,1
-30,-20,2507,838,31.2758634679799,6834,19.803,27.263,9.18,9.48,61.9,61.9,1.03,1
-30,-15,462,1062,44.5790704407434,8637,19.803,32.343,9.54,9.73,68.9,68.6,1.02,0.997
-30,-10,6306,1212,35.4144944311593,10486,19.803,37.423,9.87,9.65,73.2,73.1,0.978,0.999
-30,-5,7354,500,18.1079354668133,12336,19.803,42.503,9.94,10,75.8,76,1.01,1
-30,0,10000,538,18.6217588102609,14001,19.803,47.075,9.97,10.1,75.6,75.7,1.02,1
-30,5,8575,875,28.1331052197763,15851,19.803,52.155,9.95,9.91,72.3,71.7,0.996,0.992
-30,10,629,875,38.6035739458717,17701,19.803,57.235,9.88,9.76,66.2,66.1,0.987,0.999
-30,15,1163,650,28.9013725590848,19548,19.803,62.315,9.7,9.49,59,58.7,0.978,0.996
-30,20,250,912,46.0375701516615,21344,19.803,67.395,9.34,9.57,51.4,51,1.02,0.993
-30,25,997,1325,44.4475172319261,23049,19.803,72.475,9.1,9.19,43.4,43.2,1.01,0.994
-30,30,250,950,46.9966096843412,24480,19.803,77.047,9.06,9,36.9,37.4,0.993,1.01
-28,-30,3976,612,23.2279913487818,3526,21.835,17.103,9.16,9.17,43.8,44.2,1,1.01
-28,-25,7354,538,19.2996717524056,5123,21.835,22.183,9.52,9.5,50.8,51.3,0.998,1.01
-28,-20,2924,1100,36.1805487788928,6838,21.835,27.263,9.91,10.2,58.1,57.5,1.02,0.99
-28,-15,250,612,36.404045854008,8641,21.835,32.343,10.3,10.4,63.9,63.9,1.01,1
-28,-10,8575,725,24.3579945410587,10490,21.835,37.423,10.5,10.5,67.7,68.7,0.997,1.01
-28,-5,7354,688,23.7520823701456,12340,21.835,42.503,10.8,10.7,69.9,69.7,0.989,0.998
-28,0,629,912,39.4802885072264,14005,21.835,47.075,10.8,10.9,69.4,70.1,1.01,1.01
-28,5,250,1325,59.780547327864,15855,21.835,52.155,10.8,10.7,66.9,67.3,0.995,1.01
-28,10,3976,988,33.020042738754,17705,21.835,57.235,10.6,10.6,61.7,62.1,1,1.01
-28,15,2924,1325,39.4524195252884,19552,21.835,62.315,10.4,10.6,55.1,55.5,1.01,1.01
-28,20,629,1400,49.6707490756187,21348,21.835,67.395,10.1,10.3,48.6,48.8,1.02,1.01
-28,25,1844,1138,38.5710089238408,23053,21.835,72.475,9.83,9.75,41.7,42,0.992,1.01
-28,30,1163,1325,43.5543540573487,24484,21.835,77.047,9.71,9.67,35.8,36.2,0.996,1.01
-26,-35,462,1212,47.7293546570692,2223,23.867,12.531,9.63,9.53,37.3,36.3,0.99,0.972
-26,-30,3410,1212,37.3861156321634,3530,23.867,17.103,9.69,9.74,41.7,42,1.01,1.01
-26,-25,1844,1250,40.2438941474986,5127,23.867,22.183,10.2,10.6,48.2,48,1.04,0.996
-26,-20,1844,725,29.3607144306294,6842,23.867,27.263,10.6,10.7,54.2,53.9,1,0.995
-26,-15,3410,1100,35.634855464898,8645,23.867,32.343,11.1,11.1,59.2,59.1,0.999,0.999
-26,-10,5407,1288,36.9320171261272,10494,23.867,37.423,11.3,11.4,62.9,63.4,1.01,1.01
-26,-5,396,912,42.416172784914,12344,23.867,42.503,11.6,11.6,64.9,64.8,0.999,0.998
-26,0,997,800,34.2215810469301,14009,23.867,47.075,11.7,11.8,64.2,63.8,1.01,0.993
-26,5,250,1100,50.8921412982715,15859,23.867,52.155,11.7,11.5,62.3,62.2,0.984,1
-26,10,3410,1138,36.262482608556,17709,23.867,57.235,11.5,11.4,57.8,57.5,0.986,0.996
-26,15,292,1400,60.9412045251523,19556,23.867,62.315,11.2,11.1,52,52.4,0.994,1.01
-26,20,539,800,37.546948582079,21352,23.867,67.395,10.8,10.8,46.1,46.1,0.997,1
-26,25,292,1288,55.2840486498934,23057,23.867,72.475,10.6,10.7,39.9,40,1.01,1
-26,30,539,912,40.3983695672887,24488,23.867,77.047,10.3,10.1,34.8,34.9,0.978,1
-26,35,3410,612,23.6911298129682,25931,23.867,82.127,9.98,10.1,30.2,30,1.01,0.992
-24,-35,10000,1288,35.1645476512487,2227,25.899,12.531,10.3,9.94,35.4,35.3,0.967,0.997
-24,-30,10000,912,28.5387990656954,3534,25.899,17.103,10.3,10.6,39.8,40.3,1.03,1.01
-24,-25,3410,1025,34.2812468831997,5131,25.899,22.183,11,10.9,45.6,45.2,0.998,0.991
-24,-20,2924,500,20.3810029541258,6846,25.899,27.263,11.5,11.5,50.7,50.6,1,0.999
-24,-15,1163,762,32.4191287539998,8649,25.899,32.343,11.8,11.7,55.2,55.5,0.992,1.01
-24,-10,250,688,39.3393032290972,10498,25.899,37.423,12.1,12.2,58.7,58,1.01,0.988
-24,-5,5407,1212,35.8831413415329,12348,25.899,42.503,12.5,12.4,60,59.5,0.999,0.991
-24,0,3976,1400,39.2978690554626,14013,25.899,47.075,12.6,12.4,59.3,59.2,0.984,0.998
-24,5,292,1362,58.777034431364,15863,25.899,52.155,12.5,12.4,57.3,57.3,0.996,0.999
-24,10,5407,875,29.5237872255662,17713,25.899,57.235,12.4,12.4,53.6,53.4,1,0.995
-24,15,10000,1138,32.9231917809054,19560,25.899,62.315,12.1,12.1,48.7,48.8,0.997,1
-24,20,462,1400,53.2181086539173,21356,25.899,67.395,11.7,11.6,43.6,44,0.988,1.01
-24,25,3410,1362,39.3671498300489,23061,25.899,72.475,11.3,11.3,38,38,1,1
-24,30,8575,988,30.5979469721294,24492,25.899,77.047,11,11,33.5,33,1.01,0.985
-24,35,292,1250,53.7947992766594,25935,25.899,82.127,10.6,10.5,29.1,28.7,0.993,0.986
-22,-35,3976,1362,38.8407885405318,2231,27.931,12.531,10.9,10.7,33.7,33.8,0.975,1
-22,-30,629,725,34.4126295784012,3538,27.931,17.103,11.1,11.4,37.8,38.4,1.02,1.02
-22,-25,396,1175,48.2158814269236,5135,27.931,22.183,11.7,11.9,42.8,42.4,1.01,0.992
-22,-20,2507,1212,38.4899586754734,6850,27.931,27.263,12.3,12.4,47.6,47.4,1.01,0.996
-22,-15,6306,500,18.4475848200681,8653,27.931,32.343,12.7,12.7,51.3,51,1,0.995
-22,-10,10000,575,19.7251327319336,10502,27.931,37.423,13,13.2,54.2,54.2,1.02,1
-22,-5,292,725,39.4037114001231,12352,27.931,42.503,13.4,13.4,55.5,55.4,1,0.998
-22,0,997,912,37.0291036619974,14017,27.931,47.075,13.5,13.3,54.6,54.7,0.99,1
-22,5,8575,1212,34.5191115605607,15867,27.931,52.155,13.2,13.3,52.9,53.2,1.01,1.01
-22,10,3410,875,31.0630440607214,17717,27.931,57.235,13.2,13.2,49.9,50.4,0.999,1.01
-22,15,539,1062,43.5372953921733,19564,27.931,62.315,13,13,45.5,45.8,1,1.01
-22,20,6306,800,27.2037415306188,21360,27.931,67.395,12.6,12.6,41.1,40.9,1,0.995
-22,25,3976,1138,35.7392984527477,23065,27.931,72.475,12.1,12.3,36.2,35.9,1.02,0.99
-22,30,250,725,40.6277410081407,24496,27.931,77.047,11.7,11.6,32.2,31.6,0.994,0.981
-22,35,396,838,40.5630154736451,25939,27.931,82.127,11.3,11.4,28.1,28.5,1.02,1.01
-20,-35,1163,612,27.5867251482755,2235,29.963,12.531,11.5,11.6,32.4,31.9,1,0.985
-20,-30,855,1250,44.0735493369507,3542,29.963,17.103,12.1,11.9,36.3,36.2,0.987,0.998
-20,-25,733,1100,42.3721117874145,5139,29.963,22.183,12.7,12.5,40.4,40.5,0.987,1
-20,-20,629,1138,43.9792578684555,6854,29.963,27.263,13.2,13.2,44.2,44.2,0.998,1
-20,-15,2150,1362,41.1369069103619,8657,29.963,32.343,13.8,13.6,47.6,47.9,0.986,1.01
-20,-10,4637,988,32.5040437113966,10506,29.963,37.423,14.1,14.2,49.9,49.9,1.01,1
-20,-5,2507,950,33.8889086608521,12356,29.963,42.503,14.4,14.4,51.4,51.5,0.997,1
-20,0,1163,1100,39.9734742841408,14021,29.963,47.075,14.5,14.4,50.7,50.6,0.992,0.998
-20,5,539,1325,49.1144904286869,15871,29.963,52.155,14.4,14.4,49,49,1.01,0.999
-20,10,733,1062,41.6823518857054,17721,29.963,57.235,14.1,14,46.5,46.2,0.991,0.993
-20,15,1356,538,24.2683961123025,19568,29.963,62.315,13.9,13.9,42.9,42.6,0.997,0.993
-20,20,1581,612,26.3414374373612,21364,29.963,67.395,13.4,13.5,38.8,39.1,1,1.01
-20,25,340,500,29.3061644721907,23069,29.963,72.475,13.1,13,34.6,34.4,0.987,0.996
-20,30,3976,650,24.4060314967302,24500,29.963,77.047,12.6,12.5,31,30.9,0.994,0.998
-20,35,396,950,43.2925327537651,25943,29.963,82.127,12.1,12,26.9,27.2,0.99,1.01
-18,-40,997,538,25.4890998535629,979,31.995,7.451,11.8,11.8,27.9,27.8,0.993,0.997
-18,-35,10000,500,17.4687392441406,2239,31.995,12.531,12.3,12.4,31.3,31.6,1.01,1.01
-18,-30,3976,725,26.6157008566555,3546,31.995,17.103,13,12.9,34.6,34.3,0.997,0.991
-18,-25,855,950,38.6433778866026,5143,31.995,22.183,13.6,13.2,37.8,38,0.975,1.01
-18,-20,340,650,35.6482113754167,6858,31.995,27.263,14.2,14,41.4,41.4,0.988,0.999
-18,-15,3410,688,26.038725936602,8661,31.995,32.343,14.8,14.6,44.4,45,0.988,1.01
-18,-10,2507,612,24.6808562857349,10510,31.995,37.423,15.2,15.1,46.4,46.5,0.994,1
-18,-5,292,1062,48.3009342479201,12360,31.995,42.503,15.4,15.6,47.3,47.1,1.01,0.996
-18,0,6306,612,21.9460676324693,14025,31.995,47.075,15.6,15.3,47.1,47.2,0.983,1
-18,5,1356,912,35.5855843406786,15875,31.995,52.155,15.6,15.3,45.2,45.2,0.984,1
-18,10,462,538,29.2126716124424,17725,31.995,57.235,15.1,15.3,43.2,43,1.01,0.996
-18,15,250,1138,52.0207147166567,19572,31.995,62.315,14.9,15,40.1,40.1,1,1
-18,20,629,1250,46.1081434334961,21368,31.995,67.395,14.4,14.4,36.5,36.5,0.996,1
-18,25,340,1362,56.1198171146878,23073,31.995,72.475,14.1,13.8,32.9,32.7,0.98,0.992
-18,30,733,575,28.3147863083999,24504,31.995,77.047,13.4,13.6,29.7,29.1,1.01,0.98
-18,35,1356,1100,39.2650562717749,25947,31.995,82.127,13,12.8,26,26.3,0.982,1.01
-18,40,2507,538,22.1690397748048,27183,31.995,87.207,12.6,12.5,23.6,23.8,0.994,1.01
-16,-40,539,988,42.0582508816552,983,34.027,7.451,12.6,12.6,26.9,26.8,1,0.997
-16,-35,6306,1362,37.3960968782509,2243,34.027,12.531,13.1,13.1,29.8,29.2,0.998,0.979
-16,-30,1163,1400,44.835783437816,3550,34.027,17.103,13.9,13.8,32.5,32.2,0.993,0.992
-16,-25,3976,1062,34.4399636471563,5147,34.027,22.183,14.5,14.3,35.8,35.8,0.987,0.999
-16,-20,340,950,44.418964579231,6862,34.027,27.263,15.2,14.9,38.9,38.9,0.982,0.998
-16,-15,629,538,27.5865604799309,8665,34.027,32.343,15.7,15.8,41.5,41.2,1,0.992
-16,-10,340,1025,46.113813899081,10514,34.027,37.423,16.4,16.3,43,42.9,0.997,0.999
-16,-5,340,838,41.6444363619097,12364,34.027,42.503,16.5,16.3,43.7,43.6,0.985,0.998
-16,0,1163,538,24.8617470638739,14029,34.027,47.075,16.8,16.4,43.5,43.7,0.981,1
-16,5,6306,1400,37.8422002287344,15879,34.027,52.155,16.7,16.6,42.2,41.8,0.991,0.992
-16,10,1163,950,37.1267140052339,17729,34.027,57.235,16.3,16.2,40.2,41,0.997,1.02
-16,15,1844,1212,39.6974030850586,19576,34.027,62.315,16.1,16.2,37.6,37.8,1.01,1.01
-16,20,733,912,38.6219036376384,21372,34.027,67.395,15.6,15.7,34.5,34.7,1.01,1.01
-16,25,396,650,34.6289662450106,23077,34.027,72.475,14.9,14.9,31.2,30.9,0.998,0.99
-16,30,3976,875,30.5320953516225,24508,34.027,77.047,14.4,14.3,28.6,28.4,0.996,0.994
-16,35,10000,650,21.8928613659648,25951,34.027,82.127,13.7,13.9,25.3,25.3,1.01,0.998
-16,40,6306,1025,32.2548580258982,27187,34.027,87.207,13.5,13.2,22.7,22.8,0.976,1
-14,-40,292,500,30.2729730872845,987,36.059,7.451,13.4,13.6,25.9,25.8,1.01,0.996
-14,-35,855,800,34.9886137950822,2247,36.059,12.531,14.1,14.1,28.2,28.2,1,0.999
-14,-30,1356,838,33.7966159049344,3554,36.059,17.103,14.8,14.8,31,31,0.998,1
-14,-25,1356,500,22.8187423550736,5151,36.059,22.183,15.7,15.6,34.1,33.3,0.996,0.977
-14,-20,3410,950,32.7610623118343,6866,36.059,27.263,16.4,16.4,36.2,36.6,0.998,1.01
-14,-15,3410,1288,38.4282705306196,8669,36.059,32.343,16.8,17.1,38.7,38.4,1.02,0.994
-14,-10,462,1250,48.6352603521769,10518,36.059,37.423,17.7,17.4,40,39.9,0.987,0.998
-14,-5,997,1288,43.8147098823804,12368,36.059,42.503,17.7,17.8,40.7,40.4,1,0.991
-14,0,733,875,37.7485535895325,14033,36.059,47.075,18.1,18,40.3,40.6,0.991,1.01
-14,5,1356,1250,41.6134743883734,15883,36.059,52.155,17.9,17.8,39.6,39.4,0.993,0.996
-14,10,1356,1400,43.9279270257394,17733,36.059,57.235,17.6,17.7,37.6,37.7,1,1
-14,15,2507,725,28.1946525906137,19580,36.059,62.315,17.3,17.1,35.4,35.2,0.985,0.996
-14,20,539,1288,48.1803635059212,21376,36.059,67.395,16.7,16.9,32.7,32.4,1.01,0.992
-14,25,2924,1400,40.3996381091457,23081,36.059,72.475,16,16,29.8,29.9,0.999,1
-14,30,3410,762,28.1599442615495,24512,36.059,77.047,15.4,15.6,27.4,27.4,1.01,0.999
-14,35,629,950,40.326308286265,25955,36.059,82.127,14.6,14.8,24.4,24.7,1.01,1.01
-14,40,1581,1212,40.3512923936724,27191,36.059,87.207,14.3,14.2,21.9,21.9,0.996,0.999
-12,-40,2150,838,31.8674885520042,991,38.091,7.451,14.4,14.4,25,24.7,0.996,0.99
-12,-35,396,688,35.9913144636561,2251,38.091,12.531,15.1,15.3,27.1,27.1,1.01,0.998
-12,-30,292,800,41.7332630949248,3558,38.091,17.103,15.9,15.8,29.6,28.9,0.99,0.978
-12,-25,2924,800,29.7249933425783,5155,38.091,22.183,16.8,16.9,32,31.9,1.01,0.996
-12,-20,2507,762,29.2526514531592,6870,38.091,27.263,17.7,17.4,34.1,34.4,0.988,1.01
-12,-15,1844,838,32.4831511260371,8673,38.091,32.343,18.1,18.2,36,36.2,1,1
-12,-10,3976,950,32.2274743191042,10522,38.091,37.423,18.8,18.7,37.5,37.5,0.993,0.999
-12,-5,250,500,31.3324672428088,12372,38.091,42.503,19.1,19.1,38.1,37.8,0.998,0.994
-12,0,855,538,26.1498281807508,14037,38.091,47.075,19.5,19.5,37.8,37.7,0.999,0.998
-12,5,1163,1250,42.3696155043895,15887,38.091,52.155,19.4,19.3,37.1,37.2,0.993,1
-12,10,7354,1250,35.5050153747046,17737,38.091,57.235,19.1,19.1,35.4,35.3,1,0.995
-12,15,396,612,33.1789656361524,19584,38.091,62.315,18.7,18.5,33.3,33.3,0.985,0.999
-12,20,250,875,45.0770568864688,21380,38.091,67.395,18,18,31,30.8,1,0.994
-12,25,1581,1288,41.4558832877785,23085,38.091,72.475,17.3,17.1,28.4,28.4,0.99,0.998
-12,30,6306,1062,32.9510012740136,24516,38.091,77.047,16.6,16.4,26.1,26.1,0.986,0.999
-12,35,1844,800,31.4875259167131,25959,38.091,82.127,15.9,15.9,23.2,23.5,0.999,1.01
-12,40,2150,650,26.453288491142,27195,38.091,87.207,15.1,15.2,21.3,21.5,1,1.01
-10,-40,8575,1138,33.3591577895364,995,40.123,7.451,15.5,15.5,23.9,24,1,1.01
-10,-35,2507,1100,36.7473335409062,2255,40.123,12.531,16.4,16.4,25.9,25.7,1,0.992
-10,-30,292,875,43.7825006468341,3562,40.123,17.103,17.4,17.3,28,27.9,0.994,0.996
-10,-25,3976,688,25.5454218134792,5159,40.123,22.183,17.9,18.2,30.2,29.8,1.02,0.985
-10,-20,1356,1062,38.6062075977968,6874,40.123,27.263,19.1,19.2,32.2,32.6,1,1.01
-10,-15,6306,950,30.7284631909825,8677,40.123,32.343,19.8,19.7,33.7,33.9,0.993,1.01
-10,-10,539,688,34.0810194128972,10526,40.123,37.423,20.4,20.3,34.9,34.8,0.996,0.998
-10,-5,539,1250,47.3007244667926,12376,40.123,42.503,20.8,20.8,35.5,35.5,1,1
-10,0,1356,650,28.245426363891,14041,40.123,47.075,20.9,21,35.3,35.3,1,1
-10,5,8575,1062,32.0314915096326,15891,40.123,52.155,21.1,20.7,34.8,33.9,0.981,0.975
-10,10,250,838,44.074948608281,17741,40.123,57.235,20.7,20.4,33.1,33.4,0.987,1.01
-10,15,10000,1325,35.6469351566699,19588,40.123,62.315,20.3,20,31.4,31.2,0.983,0.995
-10,20,10000,1250,34.6419340014648,21384,40.123,67.395,19.4,19.4,29.3,29,0.996,0.991
-10,25,1581,1100,38.5922308786098,23089,40.123,72.475,18.9,18.7,26.9,26.7,0.989,0.992
-10,30,10000,1100,32.2745653173906,24520,40.123,77.047,17.9,17.9,24.6,25,0.997,1.02
-10,35,1581,1362,42.5301221756129,25963,40.123,82.127,17.1,17.2,22.1,22.4,1,1.01
-10,40,7354,1325,36.4972723866471,27199,40.123,87.207,16.2,16.1,20.5,19.9,0.998,0.972
-8,-40,396,1025,44.9275232898215,999,42.155,7.451,16.6,16.7,22.6,22.5,1,0.997
-8,-35,2150,912,33.6465338200383,2259,42.155,12.531,17.7,17.7,24.6,24.3,1,0.99
-8,-30,733,500,25.2823370118102,3566,42.155,17.103,18.7,18.5,26.2,26.4,0.986,1
-8,-25,396,1288,51.2655657583697,5163,42.155,22.183,19.6,19.8,28.2,28.6,1.01,1.02
-8,-20,3410,650,24.8853730603171,6878,42.155,27.263,20.8,20.9,30.1,30.3,1,1.01
-8,-15,396,1062,45.7134928645235,8681,42.155,32.343,21.8,21.6,31.5,31.4,0.992,0.998
-8,-10,3976,500,19.556636881831,10530,42.155,37.423,22.3,22.4,32.5,32.4,1.01,0.996
-8,-5,733,538,26.8498209385562,12380,42.155,42.503,22.8,22.5,33,33.2,0.991,1.01
-8,0,2507,800,30.2896529629525,14045,42.155,47.075,22.7,22.7,33,32.6,0.997,0.991
-8,5,462,1100,45.3468462662124,15895,42.155,52.155,22.8,22.7,32.3,32.1,0.996,0.995
-8,10,5407,538,20.0344813662769,17745,42.155,57.235,22.5,22.2,31.1,31.1,0.989,1
-8,15,340,1250,51.8448139366254,19592,42.155,62.315,22.1,22.1,29.5,29.8,0.997,1.01
-8,20,2150,800,30.8764474726152,21388,42.155,67.395,21.1,21.4,27.4,27.6,1.02,1.01
-8,25,1163,912,36.2894210515833,23093,42.155,72.475,20.4,20.4,25.4,25.6,1,1.01
-8,30,1163,1288,42.963164836108,24524,42.155,77.047,19.3,19.5,23.1,22.9,1.01,0.992
-8,35,1844,762,30.4367302416519,25967,42.155,82.127,18.3,18.3,21,21.3,0.998,1.02
-8,40,1581,1175,39.7940574199045,27203,42.155,87.207,17.3,16.9,19.3,19.6,0.981,1.02
-6,-40,2150,1138,37.957740697625,1003,44.187,7.451,17.7,17.7,21.2,21,1,0.988
-6,-35,539,725,35.2998432711735,2263,44.187,12.531,18.8,18.8,23,23.1,0.996,1
-6,-30,733,1138,43.0455462415896,3570,44.187,17.103,20,20,24.7,24.8,1,1
-6,-25,997,1212,42.5718693995625,5167,44.187,22.183,21.3,21.4,26.4,26.3,1,0.996
-6,-20,6306,1100,33.628069571922,6882,44.187,27.263,22.5,22.5,28,28,1,0.997
-6,-15,1356,1212,41.0427828756156,8685,44.187,32.343,23.6,23.3,29.4,29.2,0.986,0.994
-6,-10,8575,950,29.8063711748188,10534,44.187,37.423,24.2,24.2,30.5,30.5,1,1
-6,-5,4637,838,29.121558695097,12384,44.187,42.503,24.8,24.5,30.7,30.6,0.989,0.998
-6,0,629,762,35.5488515484448,14049,44.187,47.075,24.9,25.1,30.6,30.5,1.01,0.998
-6,5,462,1138,46.1244396777758,15899,44.187,52.155,24.8,25,29.8,29.7,1.01,0.998
-6,10,2150,1175,38.5316437382771,17749,44.187,57.235,24.4,24.5,29,28.7,1.01,0.989
-6,15,2924,1138,36.8056030566259,19596,44.187,62.315,24,24,27.4,27.4,1,1
-6,20,2924,1288,38.9711497831303,21392,44.187,67.395,23,23,25.4,25.1,1,0.988
-6,25,5407,1250,36.4216119013038,23097,44.187,72.475,21.8,22,23.6,23.2,1.01,0.985
-6,30,396,800,39.5180360006241,24528,44.187,77.047,20.7,20.7,21.8,21.9,0.997,1.01
-6,35,396,1212,49.1271948500898,25971,44.187,82.127,19.5,19.4,19.8,19.7,0.992,0.993
-6,40,6306,1138,34.2680665688369,27207,44.187,87.207,18.2,18,18.1,17.9,0.991,0.991
-4,-40,3976,575,22.0461721537581,1007,46.219,7.451,18.7,18.8,19.6,19.8,1.01,1.01
-4,-35,733,1362,47.3303670925986,2267,46.219,12.531,20,20,21.2,21.5,0.998,1.02
-4,-30,2924,1175,37.3806817809009,3574,46.219,17.103,21.5,21.4,23,23,0.998,0.999
-4,-25,8575,1288,35.5866249130693,5171,46.219,22.183,22.8,23,24.7,24.2,1.01,0.98
-4,-20,5407,688,24.6146379865854,6886,46.219,27.263,24.3,24.5,25.7,26,1.01,1.01
-4,-15,5407,575,21.2094133324604,8689,46.219,32.343,25.2,25.2,27.1,27.2,0.998,1
-4,-10,3410,800,29.1823319552623,10538,46.219,37.423,26.1,26.1,28,27.4,0.999,0.98
-4,-5,462,912,41.373708377337,12388,46.219,42.503,26.8,27.1,28.1,27.6,1.01,0.984
-4,0,4637,912,30.8749308906377,14053,46.219,47.075,26.9,27.1,27.7,28,1.01,1.01
-4,5,2507,1025,35.403480674232,15903,46.219,52.155,26.9,26.9,27.3,27.5,1,1.01
-4,10,539,1362,50.1438585144559,17753,46.219,57.235,26.3,26.3,26.3,26.3,1,1
-4,15,4637,875,30.0189268091945,19600,46.219,62.315,25.6,25.8,25.1,25.2,1.01,1.01
-4,20,292,538,32.0521216636679,21396,46.219,67.395,24.5,24.7,23.3,23.6,1.01,1.01
-4,25,2507,1062,36.0864773015683,23101,46.219,72.475,23.3,23.4,21.4,21.7,1,1.01
-4,30,462,1175,46.9064609138098,24532,46.219,77.047,22.1,22.2,20.4,20,1,0.983
-4,35,539,500,26.7426441901727,25975,46.219,82.127,20.5,20.6,18.7,18.5,1.01,0.989
-4,40,1356,688,29.4848571361413,27211,46.219,87.207,19,19,16.8,17,1,1.01
-2,-40,539,1025,42.8097996580243,1011,48.251,7.451,19.5,19.4,18.4,18.4,0.994,1
-2,-35,2924,650,25.3857508014516,2271,48.251,12.531,21.1,21.3,19.6,19.8,1.01,1.01
-2,-30,1844,575,24.4859948205709,3578,48.251,17.103,22.7,22.8,21,21.2,1,1.01
-2,-25,855,612,28.9677001029871,5175,48.251,22.183,24.4,24.5,22.5,22.7,1,1.01
-2,-20,1844,1325,41.2911239714098,6890,48.251,27.263,25.9,26.1,23.4,23.5,1.01,1.01
-2,-15,1581,1400,43.1029561349324,8693,48.251,32.343,27,27.1,24.4,24.6,1,1.01
-2,-10,10000,1212,34.0897613281754,10542,48.251,37.423,27.9,28.2,25,25,1.01,0.999
-2,-5,1844,988,35.8910452526781,12392,48.251,42.503,28.7,28.8,25.4,25.3,1,0.998
-2,0,462,1362,51.8612411233079,14057,48.251,47.075,29,28.8,24.9,25.5,0.994,1.02
-2,5,1356,1325,42.7397339871208,15907,48.251,52.155,28.7,28.6,24.7,24.6,0.997,0.997
-2,10,1356,1138,39.8913822951665,17757,48.251,57.235,28,28.1,24,23.5,1,0.982
-2,15,539,1138,45.0037429224012,19604,48.251,62.315,27.2,27.1,22.6,22.4,0.996,0.991
-2,20,2150,725,28.7653725801103,21400,48.251,67.395,25.8,26.2,21.2,21.4,1.01,1.01
-2,25,3976,1025,33.7499709684192,23105,48.251,72.475,24.6,24.5,19.8,19.9,0.998,1
-2,30,997,1062,40.0570080572236,24536,48.251,77.047,23.1,23.2,18.5,18.1,1,0.978
-2,35,2924,1250,38.4598538855998,25979,48.251,82.127,21.5,21.3,17.4,17.1,0.989,0.986
-2,40,250,1212,54.5618712978989,27215,48.251,87.207,19.8,19.8,15.8,15.9,1,1.01
0,-40,629,575,29.078274441822,1014,49.775,7.451,20.5,20.3,16.9,16.9,0.992,1
0,-35,340,875,42.6097283874836,2274,49.775,12.531,22.2,22.2,17.8,18.1,1,1.02
0,-30,2924,725,27.6464135603294,3581,49.775,17.103,23.9,23.8,19,18.7,0.996,0.988
0,-25,4637,538,20.4249084275881,5178,49.775,22.183,25.7,25.4,19.8,20.1,0.988,1.02
0,-20,1581,875,34.0457020534789,6893,49.775,27.263,27.5,27,21,21.3,0.981,1.01
0,-15,855,988,39.4316472011426,8696,49.775,32.343,28.7,28.3,21.5,21.9,0.988,1.02
0,-10,10000,838,26.8245847958412,10545,49.775,37.423,29.8,29.6,21.9,22.5,0.996,1.03
0,-5,6306,538,19.6595140744369,12395,49.775,42.503,30.4,30.3,22.4,22.1,0.999,0.985
0,0,3410,838,30.1581130330159,14060,49.775,47.075,30.8,30.7,22.1,22.2,0.996,1
0,5,7354,838,27.6971656325328,15910,49.775,52.155,30.5,30.3,21.7,21.6,0.996,0.994
0,10,997,500,23.9824887649012,17760,49.775,57.235,29.7,29.4,21,21.1,0.99,1.01
0,15,4637,575,21.6188579357606,19607,49.775,62.315,28.8,28.6,20,20.1,0.992,1.01
0,20,4637,950,31.711068889683,21403,49.775,67.395,27.4,27.1,18.9,19,0.991,1.01
0,25,340,1325,54.5362106042493,23108,49.775,72.475,26,25.8,17.8,17.9,0.995,1.01
0,30,2507,1138,37.3703601348671,24539,49.775,77.047,24.4,24.3,16.8,16.5,0.997,0.986
0,35,1844,950,35.1034860575013,25982,49.775,82.127,22.8,22.6,15.8,15.6,0.991,0.984
0,40,462,838,39.5392887509186,27218,49.775,87.207,20.9,20.6,14.8,15,0.986,1.01
2,-40,539,575,29.894945422308,1018,51.807,7.451,21.1,21.2,16,15.5,1,0.97
2,-35,2924,1025,34.8320054241562,2278,51.807,12.531,22.8,22.8,16.7,16.9,1,1.01
2,-30,4637,725,26.1295141119321,3585,51.807,17.103,24.7,24.5,17.6,17.4,0.995,0.988
2,-25,6306,912,29.8950650673643,5182,51.807,22.183,26.5,26.5,18.1,18.3,0.999,1.01
2,-20,1581,950,35.749812949759,6897,51.807,27.263,28.4,28.3,19.4,19.3,0.997,0.994
2,-15,2924,575,22.9569854718041,8700,51.807,32.343,29.7,29.6,19.8,19.9,0.996,1
2,-10,1581,538,23.7047157057616,10549,51.807,37.423,30.9,30.9,20,20,1,1
2,-5,629,800,36.643880657771,12399,51.807,42.503,31.4,31.7,20.5,20,1.01,0.975
2,0,1163,500,23.384119223154,14064,51.807,47.075,31.9,32.1,20.3,19.9,1.01,0.985
2,5,6306,575,20.8158755239535,15914,51.807,52.155,31.6,31.7,19.9,19.7,1,0.989
2,10,396,1250,50.1440559578698,17764,51.807,57.235,30.9,31.2,19.2,19.1,1.01,0.994
2,15,1844,1100,37.9493463535537,19611,51.807,62.315,29.8,30,18.4,18.6,1,1.01
2,20,10000,988,30.1562586385244,21407,51.807,67.395,28.3,28.6,17.5,17.1,1.01,0.976
2,25,1356,988,37.2086023877573,23112,51.807,72.475,26.8,26.7,16.6,16.8,0.998,1.01
2,30,3410,912,31.9234132915831,24543,51.807,77.047,25.2,25.1,15.8,15.6,0.995,0.992
2,35,396,1100,46.526485572085,25986,51.807,82.127,23.3,23.2,15,14.7,0.997,0.977
2,40,2924,612,24.1750363521005,27222,51.807,87.207,21.5,21.5,14,14,0.998,1
4,-40,10000,1062,31.5908820117087,1022,53.839,7.451,21.9,21.9,15.1,14.9,1,0.985
4,-35,1163,988,37.9123554547533,2282,53.839,12.531,23.8,24,15.7,15.3,1.01,0.976
4,-30,340,1062,46.9439515128671,3589,53.839,17.103,25.6,25.8,16.1,16,1.01,0.991
4,-25,997,688,30.8618102932472,5186,53.839,22.183,27.6,27.9,16.7,16.7,1.01,1.01
4,-20,7354,575,20.4379264611647,6901,53.839,27.263,29.4,29.6,17.5,17.6,1.01,1.01
4,-15,1844,688,28.2331976555655,8704,53.839,32.343,31,31.4,17.9,17.5,1.01,0.98
4,-10,2507,688,27.089968235571,10553,53.839,37.423,32.2,32.5,17.8,17.8,1.01,0.997
4,-5,3976,1250,37.4015278133031,12403,53.839,42.503,32.9,33.1,18.1,18.1,1,1
4,0,2150,1325,40.6409816874911,14068,53.839,47.075,33.3,33.1,18.2,17.8,0.992,0.978
4,5,539,612,31.3421931654477,15918,53.839,52.155,32.9,33.3,17.9,17.8,1.01,0.993
4,10,292,575,33.6926133338122,17768,53.839,57.235,32.4,32.6,17.4,17.4,1.01,0.999
4,15,8575,612,21.1723777414259,19615,53.839,62.315,31.3,31,16.5,16.8,0.991,1.02
4,20,733,1212,44.352163917452,21411,53.839,67.395,29.7,29.8,16.1,16,1,0.994
4,25,5407,500,18.8017723163642,23116,53.839,72.475,27.9,28,15.4,15.2,1,0.986
4,30,10000,762,24.9259040099313,24547,53.839,77.047,26.1,26.2,14.5,14.8,1,1.02
4,35,2150,1400,41.6500719719278,25990,53.839,82.127,24.1,24,13.9,13.8,0.999,0.988
4,40,2507,912,33.0508544658221,27226,53.839,87.207,22.3,22.1,13.1,13.3,0.99,1.01
6,-40,7354,1362,36.951230840277,1026,55.871,7.451,22.8,22.6,14,13.9,0.99,0.991
6,-35,3976,912,31.3904306936927,2286,55.871,12.531,24.8,24.9,14.6,14.5,1,0.991
6,-30,2507,875,32.1872629002416,3593,55.871,17.103,26.6,27,14.9,15.2,1.02,1.02
6,-25,10000,688,22.9512863273415,5190,55.871,22.183,28.7,29,15.5,15.7,1.01,1.02
6,-20,2507,1362,40.5111640398436,6905,55.871,27.263,30.8,30.8,16,15.9,1,0.996
6,-15,2924,762,28.6952045527722,8708,55.871,32.343,32.5,32.7,16.2,16.1,1.01,0.991
6,-10,10000,612,20.8068678669619,10557,55.871,37.423,33.8,33.7,16.3,16.3,0.998,0.998
6,-5,1356,950,36.4227965369342,12407,55.871,42.503,34.7,34.6,16.5,16.4,0.996,0.995
6,0,1356,875,34.7180557922935,14072,55.871,47.075,34.9,35,16.1,16.2,1,1
6,5,3410,1325,38.9047649050168,15922,55.871,52.155,34.4,34.6,16.3,16.3,1.01,1
6,10,2507,1175,37.9442860324768,17772,55.871,57.235,33.9,34,15.9,15.8,1,0.997
6,15,629,838,37.6689395843852,19619,55.871,62.315,32.8,33,15.3,15.2,1,0.996
6,20,250,575,34.8275709423694,21415,55.871,67.395,31.1,31.2,14.7,14.5,1,0.986
6,25,629,988,41.1242914958616,23120,55.871,72.475,29.3,29,14.3,14.5,0.99,1.02
6,30,997,1138,41.3660489955474,24551,55.871,77.047,27.2,27.5,13.4,13.8,1.01,1.03
6,35,4637,1100,34.599288994531,25994,55.871,82.127,25.3,25.3,12.8,13.1,1,1.02
6,40,340,912,43.5232301928093,27230,55.871,87.207,23.2,23.2,12.4,12.5,0.999,1.01
8,-40,855,762,33.9062174832265,1030,57.903,7.451,23.5,23.3,13,13,0.989,0.997
8,-35,733,650,31.0862763096718,2290,57.903,12.531,25.7,25.6,13.6,13.5,0.997,0.992
8,-30,7354,950,30.2600893609165,3597,57.903,17.103,27.8,28,13.9,13.9,1.01,1
8,-25,1163,1062,39.3114673478694,5194,57.903,22.183,30,30.2,14.4,14.3,1,0.989
8,-20,733,838,36.8174462774061,6909,57.903,27.263,32.3,32.1,14.9,14.7,0.995,0.985
8,-15,629,688,33.2055998516414,8712,57.903,32.343,34.2,34.1,14.9,14.9,0.999,1
8,-10,1844,1025,36.6122896546902,10561,57.903,37.423,35.5,35.3,15.3,15,0.994,0.979
8,-5,8575,1362,36.5217354515309,12411,57.903,42.503,36.5,36.4,15.1,15.3,0.998,1.02
8,0,1356,1288,42.1811570791993,14076,57.903,47.075,36.5,36.4,14.4,14.9,0.998,1.03
8,5,1844,1362,41.8066563554642,15926,57.903,52.155,36.3,36.2,14.9,14.9,0.997,0.997
8,10,4637,1062,33.9276440260669,17776,57.903,57.235,35.6,35.4,14.6,14.5,0.996,0.995
8,15,1163,1212,41.7796568246983,19623,57.903,62.315,34.3,34.2,14.3,13.8,0.997,0.967
8,20,1581,838,33.1264973192125,21419,57.903,67.395,32.6,32.4,13.7,13.6,0.995,0.995
8,25,7354,1400,37.3970005937868,23124,57.903,72.475,30.7,30.4,13.2,13.2,0.99,0.994
8,30,8575,538,18.9542201997005,24555,57.903,77.047,28.4,28.4,12.7,12.6,1,0.996
8,35,1581,1250,40.9078350128108,25998,57.903,82.127,26.3,26,12,12.4,0.992,1.03
8,40,1356,575,25.6332567187894,27234,57.903,87.207,23.9,24.1,11.9,11.6,1,0.968
10,-40,8575,912,28.9769390691205,1034,59.935,7.451,24.4,24.4,12.4,12.4,0.998,1
10,-35,1581,650,27.6204763162005,2294,59.935,12.531,26.8,26.7,12.6,12.4,0.999,0.984
10,-30,5407,1362,37.8579899968904,3601,59.935,17.103,29.1,29.2,13.1,12.9,1,0.985
10,-25,8575,1400,36.9683021486412,5198,59.935,22.183,31.5,31.4,13.4,13,0.998,0.969
10,-20,396,1138,47.3623456192591,6913,59.935,27.263,33.9,33.2,13.7,13.8,0.979,1
10,-15,340,1175,49.6691969416434,8716,59.935,32.343,36,35.8,13.6,13.6,0.994,0.996
10,-10,997,1100,40.7246934689381,10565,59.935,37.423,37.4,37.3,14.2,13.8,0.996,0.972
10,-5,1163,875,35.4210119121543,12415,59.935,42.503,38.2,38.6,13.7,13.6,1.01,0.994
10,0,8575,650,22.2730823802696,14080,59.935,47.075,38.5,38.1,13.4,13.8,0.991,1.03
10,5,3410,1250,37.9193629970224,15930,59.935,52.155,38.3,38.5,13.5,13.3,1.01,0.984
10,10,292,1175,51.3104866496481,17780,59.935,57.235,37.5,37.3,13.4,13.2,0.995,0.988
10,15,7354,1138,33.8069250397014,19627,59.935,62.315,35.9,36,13.1,12.9,1,0.984
10,20,462,1325,50.6827269483905,21423,59.935,67.395,34.3,34.2,12.7,12.7,0.997,1
10,25,3410,575,22.491393499041,23128,59.935,72.475,31.9,31.8,12.3,12.4,0.997,1.01
10,30,3976,1212,36.8674133644757,24559,59.935,77.047,29.7,29.9,12.1,12,1,0.99
10,35,2507,1325,40.0300858320986,26002,59.935,82.127,27.3,27,11.4,11.6,0.991,1.02
10,40,2150,538,22.6564322260531,27238,59.935,87.207,24.8,24.9,11.3,11.2,1,0.987
12,-40,3976,800,28.660602567567,1038,61.967,7.451,25.4,25.3,11.7,11.8,0.996,1.02
12,-35,250,1175,53.2251881007297,2298,61.967,12.531,27.8,27.8,11.9,11.8,1,0.99
12,-30,2924,912,32.4765317692913,3605,61.967,17.103,30.3,30.3,12.2,11.9,1,0.972
12,-25,8575,688,23.3446242647904,5202,61.967,22.183,32.9,32.7,12.3,12.1,0.992,0.983
12,-20,462,500,27.545340352625,6917,61.967,27.263,35.5,35.6,12.6,12.6,1,0.998
12,-15,855,1400,46.97076491553,8720,61.967,32.343,38,37.6,12.6,12.2,0.99,0.973
12,-10,629,1362,48.6414421265781,10569,61.967,37.423,39.6,39,12.9,12.7,0.984,0.987
12,-5,2150,1100,37.3359458794673,12419,61.967,42.503,40.3,40.3,12.7,12.4,1,0.977
12,0,5407,912,30.377169614294,14084,61.967,47.075,40.8,40.9,12.6,12.8,1,1.02
12,5,2150,875,32.7817176360852,15934,61.967,52.155,40.4,40.3,12.5,12.3,0.996,0.985
12,10,733,1288,45.7693960169616,17784,61.967,57.235,39.3,39.6,12.1,12,1.01,0.986
12,15,2924,1062,35.5172861194267,19631,61.967,62.315,37.8,37.9,12,11.8,1,0.979
12,20,462,762,37.3928377200962,21427,61.967,67.395,35.9,35.8,11.7,11.7,0.999,0.994
12,25,8575,575,20.07482666463,23132,61.967,72.475,33.5,33.1,11.6,11.2,0.989,0.965
12,30,2150,762,29.8324455519424,24563,61.967,77.047,31.2,30.9,11.3,11.1,0.991,0.988
12,35,250,800,42.988497140443,26006,61.967,82.127,28.4,28.2,10.9,10.7,0.993,0.981
12,40,7354,800,26.7514968138193,27242,61.967,87.207,25.7,25.8,10.8,10.6,1,0.989
14,-40,1844,875,33.3999673808052,1042,63.999,7.451,26,25.8,11,10.8,0.991,0.989
14,-35,4637,650,23.9451641284419,2302,63.999,12.531,28.8,28.6,11.3,11.3,0.994,0.998
14,-30,5407,988,32.0051830855897,3609,63.999,17.103,31.5,31.6,11.4,11.2,1,0.983
14,-25,997,875,36.1595851088243,5206,63.999,22.183,34.3,34.7,11.4,11.4,1.01,0.996
14,-20,3976,1325,38.3835379365139,6921,63.999,27.263,37.4,37.2,11.6,11.5,0.995,0.989
14,-15,997,650,29.5928971860169,8724,63.999,32.343,39.9,39.8,11.7,11.6,0.998,0.988
14,-10,292,650,36.7343392755218,10573,63.999,37.423,41.8,41.3,11.6,11.6,0.99,0.999
14,-5,250,1062,49.8455926092844,12423,63.999,42.503,42.5,42.5,11.6,11.8,1,1.02
14,0,250,538,33.1530542100914,14088,63.999,47.075,43,42.9,11.6,11.5,0.998,0.989
14,5,292,1138,50.2529928511573,15938,63.999,52.155,42.7,42.8,11.5,11.4,1,0.986
14,10,292,688,38.1319471463876,17788,63.999,57.235,41.5,41.7,11.2,11.5,1,1.03
14,15,5407,612,22.35646317102,19635,63.999,62.315,39.8,39.7,11.1,11.2,0.996,1.01
14,20,7354,1025,31.7866204633866,21431,63.999,67.395,37.6,37.2,10.9,11,0.991,1
14,25,5407,762,26.6730830311841,23136,63.999,72.475,34.8,34.8,10.7,11,1,1.02
14,30,396,538,30.1047495509461,24567,63.999,77.047,32.4,32.1,10.5,10.6,0.991,1.01
14,35,396,988,44.1324494307042,26010,63.999,82.127,29.4,29.6,10.5,10.2,1.01,0.974
14,40,7354,912,29.4285250661008,27246,63.999,87.207,26.6,26.9,10.2,10.3,1.01,1.01
16,-40,997,1400,45.845430855273,1046,66.031,7.451,27,27.1,10.5,10.3,1,0.984
16,-35,250,1400,64.5407546711256,2306,66.031,12.531,29.8,29.9,10.6,10.8,1.01,1.02
16,-30,1581,500,22.2821597847266,3613,66.031,17.103,32.8,32.7,10.5,10.7,0.997,1.01
16,-25,855,912,37.8041329771495,5210,66.031,22.183,36,36.1,10.4,10.3,1,0.985
16,-20,10000,1175,33.5220288605664,6925,66.031,27.263,39.3,39.2,10.6,10.8,0.998,1.02
16,-15,7354,988,31.0524815363945,8728,66.031,32.343,41.9,41.7,10.8,10.5,0.995,0.973
16,-10,629,1288,46.9013314492371,10577,66.031,37.423,44,43.6,10.7,10.7,0.991,1
16,-5,733,950,39.4637084578726,12427,66.031,42.503,44.9,45.1,10.6,10.8,1,1.02
16,0,629,1175,44.6623933674593,14092,66.031,47.075,45.5,45.2,10.7,10.5,0.993,0.977
16,5,3976,1288,37.90972467047,15942,66.031,52.155,45,45.2,10.5,10.4,1,0.99
16,10,2924,838,30.7061132727208,17792,66.031,57.235,44,44.2,10.4,10.4,1,0.998
16,15,462,1288,49.622657157336,19639,66.031,62.315,42.2,42.1,10.3,10.2,0.997,0.993
16,20,733,725,33.5807694203823,21435,66.031,67.395,39.5,39.4,10.2,10,0.999,0.983
16,25,855,1138,42.1753883193061,23140,66.031,72.475,36.4,36.5,9.93,9.95,1,1
16,30,1356,800,32.7924547863222,24571,66.031,77.047,33.7,33.6,10,9.88,0.998,0.985
16,35,10000,1400,36.5535792116875,26014,66.031,82.127,30.5,30.6,9.66,9.86,1.01,1.02
16,40,2150,950,34.4844676348087,27250,66.031,87.207,27.7,27.9,9.65,9.6,1.01,0.994
18,-40,5407,1025,32.7377514229783,1050,68.063,7.451,27.9,28,9.96,9.63,1,0.967
18,-35,1163,800,33.4892127708295,2310,68.063,12.531,31.1,30.8,9.71,9.9,0.991,1.02
18,-30,2150,575,23.9530708351411,3617,68.063,17.103,34.3,34,9.8,10.1,0.992,1.03
18,-25,855,1212,43.4244025292439,5214,68.063,22.183,37.5,37.8,9.67,9.88,1.01,1.02
18,-20,4637,1288,37.4113201437005,6929,68.063,27.263,41,41,9.83,9.93,0.999,1.01
18,-15,3976,1175,36.3189252468001,8732,68.063,32.343,44.2,44.5,9.85,9.7,1.01,0.985
18,-10,5407,838,28.6305993346859,10581,68.063,37.423,46.4,46.2,9.94,9.59,0.995,0.964
18,-5,2507,1400,41.0038915387383,12431,68.063,42.503,47.7,47.9,9.73,9.64,1.01,0.991
18,0,292,762,40.5923570023486,14096,68.063,47.075,48.3,48.1,9.77,9.47,0.996,0.969
18,5,462,575,30.7609717620307,15946,68.063,52.155,47.6,48.1,9.65,9.57,1.01,0.991
18,10,10000,950,29.3658077024805,17796,68.063,57.235,46.3,46.3,9.65,9.48,1,0.982
18,15,1356,1175,40.4761353613573,19643,68.063,62.315,44.6,43.9,9.45,9.51,0.984,1.01
18,20,250,650,37.92173687347,21439,68.063,67.395,41.5,41.5,9.51,9.49,1,0.999
18,25,340,1400,57.9615893436421,23144,68.063,72.475,38.4,38.2,9.31,9.61,0.994,1.03
18,30,8575,838,27.2539206810933,24575,68.063,77.047,35.3,34.8,9.3,9.49,0.988,1.02
18,35,997,762,33.1453186652922,26018,68.063,82.127,31.7,32.1,9.1,9.02,1.01,0.99
18,40,733,1250,45.0445882754524,27254,68.063,87.207,28.8,28.6,9.19,9.38,0.994,1.02
20,-35,4637,1325,37.8841167054114,2314,70.095,12.531,32.4,32.2,9.18,9.4,0.994,1.02
20,-30,396,1325,52.4812375456212,3621,70.095,17.103,35.8,35.8,9.22,9.46,1,1.03
20,-25,7354,1062,32.4843606384473,5218,70.095,22.183,39.3,39.4,9.24,9.3,1,1.01
20,-20,6306,1175,34.8571685707165,6933,70.095,27.263,43,43.1,9.16,8.97,1,0.979
20,-15,1356,762,31.7286337612404,8736,70.095,32.343,46.4,46.1,9.1,9.29,0.993,1.02
20,-10,396,1400,55.4195378480397,10585,70.095,37.423,49.2,48.7,9.17,9.02,0.99,0.984
20,-5,1356,725,30.6350940539354,12435,70.095,42.503,50.5,50.6,9.03,9.11,1,1.01
20,0,1163,838,34.4974026371483,14100,70.095,47.075,51.1,50.7,8.84,8.87,0.992,1
20,5,855,1062,40.844070325576,15950,70.095,52.155,50.5,50.5,8.84,8.76,1,0.99
20,10,6306,988,31.5213600156474,17800,70.095,57.235,49.1,49.3,8.8,8.59,1.01,0.977
20,15,629,500,25.9871884677036,19647,70.095,62.315,46.9,47,8.75,8.92,1,1.02
20,20,462,650,33.6614900636311,21443,70.095,67.395,43.4,43.5,8.73,8.74,1,1
20,25,5407,1062,33.4320460868813,23148,70.095,72.475,40.1,40,8.85,8.7,0.996,0.983
20,30,855,500,24.6133277793536,24579,70.095,77.047,36.7,36.4,8.53,8.88,0.991,1.04
20,35,2150,1062,36.677008460474,26022,70.095,82.127,32.9,33,8.85,8.73,1,0.987
22,-35,10000,875,27.6986671421875,2318,72.127,12.531,33.5,33.6,8.87,8.84,1,0.996
22,-30,340,612,34.176873862208,3625,72.127,17.103,37.2,37.4,8.83,8.75,1.01,0.99
22,-25,340,1288,53.1308666734223,5222,72.127,22.183,41.3,41.3,8.68,8.96,0.999,1.03
22,-20,1844,1062,37.2916002451091,6937,72.127,27.263,45.3,45.3,8.53,8.55,1,1
22,-15,7354,762,25.7685283629062,8740,72.127,32.343,48.7,48.6,8.38,8.2,0.998,0.979
22,-10,629,1025,41.8629256765553,10589,72.127,37.423,51.8,51.8,8.29,8.46,1,1.02
22,-5,10000,1362,36.10532499805,12439,72.127,42.503,53.5,53.4,8.21,8.28,0.999,1.01
22,0,997,950,37.8669757412688,14104,72.127,47.075,54.1,54.5,8.18,8.45,1.01,1.03
22,5,733,800,35.7970158453654,15954,72.127,52.155,53.5,53.6,8.01,8.06,1,1.01
22,10,292,912,44.7156317225885,17804,72.127,57.235,52,51.7,7.94,8.09,0.993,1.02
22,15,4637,500,19.1708445383184,19651,72.127,62.315,49.4,48.9,8.26,8.22,0.989,0.996
22,20,462,800,38.5023836956342,21447,72.127,67.395,45.6,45.8,7.97,8.07,1,1.01
22,25,6306,1288,36.4687846203415,23152,72.127,72.475,41.9,41.7,8.35,8.32,0.995,0.996
22,30,855,1025,40.1559539365711,24583,72.127,77.047,37.9,37.8,7.97,8.35,0.999,1.05
22,35,1581,1138,39.2152472648486,26026,72.127,82.127,34.1,33.9,8.33,8.29,0.994,0.995
24,-35,997,1250,43.1875232361198,2322,74.159,12.531,34.6,34.5,8.49,8.44,0.996,0.995
24,-30,462,612,32.2322770725068,3629,74.159,17.103,38.7,39,8.48,8.39,1.01,0.989
24,-25,4637,800,28.1571743569161,5226,74.159,22.183,43.2,43.7,8.13,8.11,1.01,0.997
24,-20,733,988,40.2556637698851,6941,74.159,27.263,47.6,47.6,7.91,7.92,1,1
24,-15,855,875,36.9330652367304,8744,74.159,32.343,51.8,51.6,7.79,7.86,0.998,1.01
24,-10,4637,1362,38.3383317072674,10593,74.159,37.423,54.7,54.7,7.52,7.72,0.999,1.03
24,-5,292,950,45.637903242357,12443,74.159,42.503,56.7,56.8,7.48,7.4,1,0.99
24,0,2924,950,33.3145072381515,14108,74.159,47.075,57.5,57.4,7.48,7.59,0.999,1.02
24,5,462,988,43.0568714592617,15958,74.159,52.155,56.8,57.2,7.44,7.5,1.01,1.01
24,10,997,612,28.2599923247931,17808,74.159,57.235,54.8,54.7,7.41,7.49,0.999,1.01
24,15,2924,875,31.6144147192189,19655,74.159,62.315,52.2,51.9,7.5,7.8,0.995,1.04
24,20,7354,875,28.5812421933427,21451,74.159,67.395,48.2,47.8,7.41,7.56,0.991,1.02
24,25,855,838,36.0048063947949,23156,74.159,72.475,43.8,44,7.68,7.56,1.01,0.984
24,30,292,1025,47.4129229675983,24587,74.159,77.047,39.5,39.7,7.66,7.76,1.01,1.01
24,35,3976,762,27.6457880191985,26030,74.159,82.127,35.3,35.1,7.87,7.8,0.995,0.991
26,-35,997,838,35.2337512616144,2326,76.191,12.531,35.9,36.1,7.97,7.8,1,0.979
26,-30,733,762,34.7083966147708,3633,76.191,17.103,40.2,39.9,7.94,7.85,0.991,0.989
26,-25,340,1100,47.815421525373,5230,76.191,22.183,45.2,45.1,7.65,7.52,0.996,0.983
26,-20,629,1325,47.7335760802764,6945,76.191,27.263,49.8,50.1,7.15,7.28,1.01,1.02
26,-15,396,500,28.4014268539071,8748,76.191,32.343,54.5,54.4,7.12,7.21,0.998,1.01
26,-10,629,1100,43.2805112683901,10597,76.191,37.423,58,57.9,7.04,7.06,0.998,1
26,-5,855,1100,41.5206799072531,12447,76.191,42.503,60.2,60.2,6.87,6.73,0.999,0.98
26,0,250,988,47.9460106268879,14112,76.191,47.075,60.9,61.2,6.73,6.9,1,1.02
26,5,997,1175,41.9732178157083,15962,76.191,52.155,60.4,60.3,6.94,6.76,0.998,0.975
26,10,396,875,41.5169354147122,17812,76.191,57.235,57.8,58,7.02,7,1,0.996
26,15,2507,1250,39.0256210916223,19659,76.191,62.315,54.9,54.6,6.78,6.86,0.995,1.01
26,20,5407,800,27.6722494964241,21455,76.191,67.395,50.8,50.4,6.97,7.08,0.993,1.02
26,25,2507,650,25.908299695931,23160,76.191,72.475,45.7,45.4,7.11,7.15,0.993,1.01
26,30,1581,912,34.9124131326999,24591,76.191,77.047,41.2,41.5,7.2,7.16,1.01,0.994
26,35,250,762,41.8316906180611,26034,76.191,82.127,36.4,36.6,7.56,7.44,1.01,0.984
28,-30,5407,950,31.212094129613,3637,78.223,17.103,41.5,41.6,7.35,7.41,1,1.01
28,-25,292,988,46.5391106934391,5234,78.223,22.183,47.1,46.8,7.12,6.86,0.993,0.963
28,-20,733,1325,46.5202888422031,6949,78.223,27.263,52.3,52.7,6.65,6.58,1.01,0.989
28,-15,539,1400,51.3207154547587,8752,78.223,32.343,57.3,58.1,6.54,6.53,1.01,1
28,-10,539,950,41.250978509519,10601,78.223,37.423,61.4,60.9,6.54,6.41,0.993,0.98
28,-5,8575,1100,32.7132196878612,12451,78.223,42.503,63.8,63.8,6.31,6.34,1,1.01
28,0,4637,1400,38.7897090008567,14116,78.223,47.075,64.6,64.9,6.14,6.29,1,1.02
28,5,539,838,38.5773872379225,15966,78.223,52.155,64.3,63.9,6.4,6.02,0.994,0.941
28,10,539,650,32.7512433291067,17816,78.223,57.235,61.3,61.6,6.47,6.47,1.01,0.999
28,15,1844,650,27.0228461612517,19663,78.223,62.315,57.7,57.5,6.35,6.39,0.996,1
28,20,6306,688,24.1751805986584,21459,78.223,67.395,53.2,53,6.55,6.63,0.997,1.01
28,25,1844,1175,39.146384808567,23164,78.223,72.475,47.8,47.7,6.63,6.83,0.998,1.03
28,30,1581,988,36.5363348523176,24595,78.223,77.047,42.7,42.8,6.76,6.8,1,1.01
30,-30,855,650,30.3191074126931,3640,79.747,17.103,43.1,42.9,6.9,6.89,0.995,0.999
30,-25,8575,762,25.3401351375154,5237,79.747,22.183,49.2,49.2,6.55,6.49,0.999,0.991
30,-20,855,688,31.6029292010844,6952,79.747,27.263,55.2,55.2,6.26,6.2,1,0.99
30,-15,292,838,42.8017805396768,8755,79.747,32.343,60.5,60.7,6.01,6,1,0.998
30,-10,4637,762,27.1501119440397,10604,79.747,37.423,65.2,64.8,5.78,5.77,0.994,0.998
30,-5,855,1175,42.8009266480107,12454,79.747,42.503,67.8,68,5.65,5.7,1,1.01
30,0,6306,1250,35.9560059325033,14119,79.747,47.075,69,68.8,5.72,5.72,0.997,1
30,5,7354,650,22.6672750068975,15969,79.747,52.155,68.5,68.1,5.85,5.6,0.994,0.958
30,10,1581,800,32.1265031913627,17819,79.747,57.235,65.4,65.2,5.87,5.69,0.996,0.969
30,15,3976,538,20.8327016229475,19666,79.747,62.315,61.1,61.2,5.85,5.93,1,1.01
30,20,1581,1025,37.2563219394702,21462,79.747,67.395,55.7,55.7,6.04,6.08,1,1.01
30,25,539,538,28.3753823957282,23167,79.747,72.475,49.6,49.5,6.32,6.11,0.997,0.967
30,30,733,1400,48.2401051646875,24598,79.747,77.047,44.3,44.1,6.49,6.45,0.996,0.993
32,-30,997,1362,45.1137020438829,3644,81.779,17.103,44.6,44.7,6.72,6.55,1,0.976
32,-25,1163,575,26.2505629519535,5241,81.779,22.183,51.1,51.6,6.05,6.22,1.01,1.03
32,-20,6306,762,26.2126161687045,6956,81.779,27.263,57.5,58.3,5.82,5.83,1.01,1
32,-15,855,1325,45.4288874809249,8759,81.779,32.343,63.2,63.9,5.51,5.43,1.01,0.985
32,-10,1581,762,31.0690962283572,10608,81.779,37.423,68.5,69.1,5.14,5.24,1.01,1.02
32,-5,4637,1175,35.8155392362992,12458,81.779,42.503,71.7,72.1,5.18,5.3,1.01,1.02
32,0,5407,1175,35.3291000747136,14123,81.779,47.075,72.8,73.3,5.34,5.13,1.01,0.961
32,5,250,1288,57.8494914618198,15973,81.779,52.155,72.1,72.4,5.31,5.13,1,0.966
32,10,10000,800,25.8922752025,17823,81.779,57.235,68.8,69.3,5.36,5.27,1.01,0.982
32,15,292,612,35.2407151497976,19670,81.779,62.315,63.9,64.1,5.43,5.42,1,0.999
32,20,8575,800,26.3148515097932,21466,81.779,67.395,57.7,58.3,5.63,5.64,1.01,1
32,25,1844,612,25.7612742024086,23171,81.779,72.475,51.2,51.5,6.04,5.7,1.01,0.944
32,30,3410,1400,39.8325967384808,24602,81.779,77.047,45.4,45.4,6.29,6.26,1,0.994
34,-25,997,575,26.902608538591,5245,83.811,22.183,53.4,53.6,5.72,5.86,1,1.02
34,-20,340,725,38.2848362009236,6960,83.811,27.263,60.9,60.3,5.29,5.23,0.992,0.989
34,-15,396,575,31.6828217452308,8763,83.811,32.343,67.6,67.9,5.19,5.04,1,0.97
34,-10,1581,725,29.9842461008726,10612,83.811,37.423,73.1,72.9,4.72,4.95,0.998,1.05
34,-5,733,1175,43.6959508589817,12462,83.811,42.503,76.8,77.1,4.72,4.91,1,1.04
34,0,5407,725,25.6620313356508,14127,83.811,47.075,78.1,77.8,4.59,4.7,0.995,1.02
34,5,6306,875,29.044594494071,15977,83.811,52.155,77.1,76.7,4.65,4.4,0.995,0.946
34,10,1844,538,23.1672235256018,17827,83.811,57.235,73.2,73.2,4.91,4.61,1,0.939
34,15,2150,612,25.208898080379,19674,83.811,62.315,67.9,68.3,4.96,4.91,1.01,0.989
34,20,396,1362,53.842872461759,21470,83.811,67.395,61.2,61.2,5.21,5.14,1,0.985
34,25,6306,1325,36.9432127360628,23175,83.811,72.475,53.5,53.9,5.51,5.24,1.01,0.952
36,-25,462,875,40.4847711631207,5249,85.843,22.183,55.2,54.9,5.39,5.24,0.995,0.972
36,-20,5407,1325,37.4051150536535,6964,85.843,27.263,63.6,62.8,4.97,4.8,0.987,0.967
36,-15,855,725,32.7871056985307,8767,85.843,32.343,71.2,71.2,4.81,4.47,1,0.928
36,-10,6306,650,23.0769420287078,10616,85.843,37.423,77.4,77.4,4.38,4.59,1,1.05
36,-5,1844,1288,40.7773386005687,12466,85.843,42.503,81.5,81.5,4.26,4.28,1,1
36,0,733,612,29.7160130598618,14131,85.843,47.075,83.4,82.8,4.12,4.3,0.993,1.04
36,5,539,762,36.4450153842008,15981,85.843,52.155,81.7,81.7,4.01,4.22,1,1.05
36,10,997,988,38.6533096098827,17831,85.843,57.235,77.8,78.2,4.41,4.34,1,0.984
36,15,1356,1025,37.9279287191714,19678,85.843,62.315,71.8,71.6,4.38,4.51,0.997,1.03
36,20,539,1100,44.2709192393105,21474,85.843,67.395,64,63.9,4.81,4.88,0.999,1.02
36,25,1581,1325,41.9891129035148,23179,85.843,72.475,55.7,55,5.07,5.37,0.988,1.06
38,-20,539,875,39.51666056836,6968,87.875,27.263,66.1,66.4,4.56,4.55,1,0.997
38,-15,396,725,37.2350225166267,8771,87.875,32.343,74.6,75.5,4.28,4.2,1.01,0.982
38,-10,2507,575,23.4440963626872,10620,87.875,37.423,82,81.8,3.96,4.12,0.998,1.04
38,-5,629,1212,45.3608236523206,12470,87.875,42.503,86.3,85.8,3.78,3.57,0.993,0.944
38,0,1844,912,34.2658020387113,14135,87.875,47.075,88.7,88.7,3.72,3.83,1,1.03
38,5,5407,1400,38.3058487855688,15985,87.875,52.155,86.6,87.5,3.64,3.88,1.01,1.07
38,10,340,1138,48.7255688766022,17835,87.875,57.235,82.3,82.8,3.95,3.7,1.01,0.935
38,15,6306,725,25.2111740646401,19682,87.875,62.315,75.3,75.4,4.07,3.99,1,0.982
38,20,292,1100,49.2479848082613,21478,87.875,67.395,66.3,65.9,4.33,4.32,0.995,0.997
40,-20,539,1212,46.4832001037718,6972,89.907,27.263,68.6,68.7,4.14,4.23,1,1.02
40,-15,1356,612,26.948712257943,8775,89.907,32.343,78.6,78.3,3.83,3.77,0.997,0.984
40,-10,250,1250,56.1033639278347,10624,89.907,37.423,86,83.3,3.57,3.63,0.968,1.02
40,-5,1163,1138,40.6056579837937,12474,89.907,42.503,91.2,90.5,3.27,3.37,0.992,1.03
40,0,2150,988,35.273201227234,14139,89.907,47.075,94.2,94,3.34,3.44,0.998,1.03
40,5,8575,500,17.782102601851,15989,89.907,52.155,92.5,92.7,3.41,3.3,1,0.967
40,10,292,1325,56.9222663737947,17839,89.907,57.235,86.1,83.5,3.48,3.47,0.97,0.998
40,15,4637,1212,36.3665841608278,19686,89.907,62.315,79,78.9,3.92,3.86,0.999,0.984
40,20,1581,688,28.8453386822349,21482,89.907,67.395,69.1,69.1,3.92,4.11,1,1.05
42,-15,4637,1250,36.902523541095,8779,91.939,32.343,82.3,82.3,3.48,3.43,1,0.986
42,-10,7354,1100,33.1638760826703,10628,91.939,37.423,91.1,92,3.2,3.29,1.01,1.03
42,-5,2507,1288,39.5414313559926,12478,91.939,42.503,96.6,95.4,3,3,0.987,0.999
42,0,462,950,42.2360697969697,14143,91.939,47.075,100,101,2.93,2.89,1,0.987
42,5,8575,1175,33.9548511060191,15993,91.939,52.155,98.6,98.9,3.08,2.94,1,0.952
42,10,340,1212,50.6907817489636,17843,91.939,57.235,91.2,91.9,2.98,3.27,1.01,1.1
42,15,7354,725,24.7767295105719,19690,91.939,62.315,82.9,83.2,3.4,3.47,1,1.02
44,-10,4637,1025,33.2354134944129,10632,93.971,37.423,96.9,96.2,2.91,2.92,0.992,1.01
44,-5,629,650,31.8914650182435,12482,93.971,42.503,103,104,2.71,2.65,1.01,0.978
44,0,5407,1100,34.1064719279549,14147,93.971,47.075,106,106,2.54,2.66,1,1.05
44,5,10000,725,23.9534398114434,15997,93.971,52.155,105,104,2.74,2.64,0.999,0.965
44,10,855,1362,46.1592518488083,17847,93.971,57.235,96.8,96.6,2.7,3.09,0.997,1.14
